INFO buildroot.py:704:  Mock Version: 6.8
DEBUG file_util.py:17:  ensuring that dir exists: /var/lib/mock/alma+epel-8-x86_64/root
DEBUG file_util.py:20:  created dir: /var/lib/mock/alma+epel-8-x86_64/root
DEBUG file_util.py:17:  ensuring that dir exists: /var/lib/mock/alma+epel-8-x86_64-bootstrap
DEBUG file_util.py:17:  ensuring that dir exists: /var/lib/mock/alma+epel-8-x86_64-bootstrap
DEBUG file_util.py:17:  ensuring that dir exists: /var/lib/mock/alma+epel-8-x86_64-bootstrap/root
DEBUG file_util.py:17:  ensuring that dir exists: /var/lib/mock/alma+epel-8-x86_64-bootstrap/results
INFO buildroot.py:321:  calling preinit hooks
DEBUG file_util.py:17:  ensuring that dir exists: /var/cache/mock/alma+epel-8-x86_64-bootstrap/root_cache/
DEBUG file_util.py:17:  ensuring that dir exists: /var/cache/mock/alma+epel-8-x86_64-bootstrap/yum_cache
DEBUG file_util.py:17:  ensuring that dir exists: /var/cache/mock/alma+epel-8-x86_64-bootstrap/dnf_cache
DEBUG buildroot.py:760:  create skeleton dirs
DEBUG file_util.py:17:  ensuring that dir exists: /var/lib/mock/alma+epel-8-x86_64-bootstrap/root/var/lib/rpm
DEBUG file_util.py:17:  ensuring that dir exists: /var/lib/mock/alma+epel-8-x86_64-bootstrap/root/var/lib/yum
DEBUG file_util.py:17:  ensuring that dir exists: /var/lib/mock/alma+epel-8-x86_64-bootstrap/root/var/lib/dbus
DEBUG file_util.py:17:  ensuring that dir exists: /var/lib/mock/alma+epel-8-x86_64-bootstrap/root/var/log
DEBUG file_util.py:17:  ensuring that dir exists: /var/lib/mock/alma+epel-8-x86_64-bootstrap/root/var/cache/dnf
DEBUG file_util.py:17:  ensuring that dir exists: /var/lib/mock/alma+epel-8-x86_64-bootstrap/root/var/cache/yum
DEBUG file_util.py:17:  ensuring that dir exists: /var/lib/mock/alma+epel-8-x86_64-bootstrap/root/etc/rpm
DEBUG file_util.py:17:  ensuring that dir exists: /var/lib/mock/alma+epel-8-x86_64-bootstrap/root/tmp
DEBUG file_util.py:17:  ensuring that dir exists: /var/lib/mock/alma+epel-8-x86_64-bootstrap/root/tmp/ccache
DEBUG file_util.py:17:  ensuring that dir exists: /var/lib/mock/alma+epel-8-x86_64-bootstrap/root/var/tmp
DEBUG file_util.py:17:  ensuring that dir exists: /var/lib/mock/alma+epel-8-x86_64-bootstrap/root/etc/dnf
DEBUG file_util.py:17:  ensuring that dir exists: /var/lib/mock/alma+epel-8-x86_64-bootstrap/root/etc/dnf/vars
DEBUG file_util.py:17:  ensuring that dir exists: /var/lib/mock/alma+epel-8-x86_64-bootstrap/root/etc/yum.repos.d
DEBUG file_util.py:20:  created dir: /var/lib/mock/alma+epel-8-x86_64-bootstrap/root/etc/yum.repos.d
DEBUG file_util.py:17:  ensuring that dir exists: /var/lib/mock/alma+epel-8-x86_64-bootstrap/root/etc/yum
DEBUG file_util.py:17:  ensuring that dir exists: /var/lib/mock/alma+epel-8-x86_64-bootstrap/root/proc
DEBUG file_util.py:17:  ensuring that dir exists: /var/lib/mock/alma+epel-8-x86_64-bootstrap/root/sys
DEBUG file_util.py:17:  ensuring that dir exists: /var/lib/mock/alma+epel-8-x86_64-bootstrap/root/run/lock
DEBUG file_util.py:17:  ensuring that dir exists: /var/lib/mock/alma+epel-8-x86_64-bootstrap/root/dev/pts
DEBUG file_util.py:17:  ensuring that dir exists: /var/lib/mock/alma+epel-8-x86_64-bootstrap/root/dev/shm
DEBUG file_util.py:17:  ensuring that dir exists: /var/lib/mock/alma+epel-8-x86_64-bootstrap/root/dev/mapper
DEBUG file_util.py:20:  created dir: /var/lib/mock/alma+epel-8-x86_64-bootstrap/root/dev/mapper
DEBUG buildroot.py:904:  kernel version == 4.18.0-553.158.1.el8_10.x86_64
DEBUG file_util.py:29:  touching file: /var/lib/mock/alma+epel-8-x86_64-bootstrap/root/etc/fstab
DEBUG file_util.py:29:  touching file: /var/lib/mock/alma+epel-8-x86_64-bootstrap/root/etc/yum/yum.conf
DEBUG file_util.py:29:  touching file: /var/lib/mock/alma+epel-8-x86_64-bootstrap/root/etc/dnf/dnf.conf
DEBUG file_util.py:29:  touching file: /var/lib/mock/alma+epel-8-x86_64-bootstrap/root/var/log/yum.log
DEBUG buildroot.py:335:  rootdir = /var/lib/mock/alma+epel-8-x86_64-bootstrap/root
DEBUG buildroot.py:336:  resultdir = /var/lib/mock/alma+epel-8-x86_64-bootstrap/results
DEBUG package_manager.py:64:  searching for 'dnf4' package manager or alternatives
INFO buildroot.py:184:  Package manager dnf4 detected and used (fallback)
DEBUG file_util.py:17:  ensuring that dir exists: /var/lib/mock/alma+epel-8-x86_64-bootstrap/root/etc/pki/mock
DEBUG package_manager.py:406:  copying CA trust dir into chroot: /etc/pki/ca-trust => /etc/pki/ca-trust
DEBUG file_util.py:191:  Updating files in /var/lib/mock/alma+epel-8-x86_64-bootstrap/root/etc/pki/ca-trust with files from /etc/pki/ca-trust
DEBUG file_util.py:17:  ensuring that dir exists: /var/lib/mock/alma+epel-8-x86_64-bootstrap/root/etc/pki/ca-trust
DEBUG file_util.py:17:  ensuring that dir exists: /var/lib/mock/alma+epel-8-x86_64-bootstrap/root/etc/pki/ca-trust/./extracted
DEBUG file_util.py:17:  ensuring that dir exists: /var/lib/mock/alma+epel-8-x86_64-bootstrap/root/etc/pki/ca-trust/./source
DEBUG file_util.py:17:  ensuring that dir exists: /var/lib/mock/alma+epel-8-x86_64-bootstrap/root/etc/pki/ca-trust/extracted/edk2
DEBUG file_util.py:17:  ensuring that dir exists: /var/lib/mock/alma+epel-8-x86_64-bootstrap/root/etc/pki/ca-trust/extracted/java
DEBUG file_util.py:17:  ensuring that dir exists: /var/lib/mock/alma+epel-8-x86_64-bootstrap/root/etc/pki/ca-trust/extracted/openssl
DEBUG file_util.py:17:  ensuring that dir exists: /var/lib/mock/alma+epel-8-x86_64-bootstrap/root/etc/pki/ca-trust/extracted/pem
DEBUG file_util.py:17:  ensuring that dir exists: /var/lib/mock/alma+epel-8-x86_64-bootstrap/root/etc/pki/ca-trust/source/anchors
DEBUG file_util.py:17:  ensuring that dir exists: /var/lib/mock/alma+epel-8-x86_64-bootstrap/root/etc/pki/ca-trust/source/blacklist
DEBUG package_manager.py:406:  copying CA trust dir into chroot: /usr/share/pki/ca-trust-source => /usr/share/pki/ca-trust-source
DEBUG file_util.py:191:  Updating files in /var/lib/mock/alma+epel-8-x86_64-bootstrap/root/usr/share/pki/ca-trust-source with files from /usr/share/pki/ca-trust-source
DEBUG file_util.py:17:  ensuring that dir exists: /var/lib/mock/alma+epel-8-x86_64-bootstrap/root/usr/share/pki/ca-trust-source
DEBUG file_util.py:17:  ensuring that dir exists: /var/lib/mock/alma+epel-8-x86_64-bootstrap/root/usr/share/pki/ca-trust-source/./anchors
DEBUG file_util.py:17:  ensuring that dir exists: /var/lib/mock/alma+epel-8-x86_64-bootstrap/root/usr/share/pki/ca-trust-source/./blacklist
DEBUG file_util.py:17:  ensuring that dir exists: /var/lib/mock/alma+epel-8-x86_64-bootstrap/root/usr/share
DEBUG package_manager.py:390:  Copying /usr/share/distribution-gpg-keys to the bootstrap chroot
DEBUG util.py:717:  child environment: None
DEBUG util.py:636:  Executing command: ['cp', '-a', '/usr/share/distribution-gpg-keys', '/var/lib/mock/alma+epel-8-x86_64-bootstrap/root/usr/share'] with env {'TERM': 'vt100', 'SHELL': '/bin/sh', 'HOME': '/builddir', 'HOSTNAME': 'mock', 'PATH': '/usr/bin:/bin:/usr/sbin:/sbin', 'LANG': 'C.UTF-8'} and shell False
DEBUG util.py:688:  Child return code was: 0
DEBUG file_util.py:17:  ensuring that dir exists: /var/lib/mock/alma+epel-8-x86_64-bootstrap/root/etc/dnf
DEBUG package_manager.py:693:  configure DNF vars
DEBUG file_util.py:17:  ensuring that dir exists: /var/lib/mock/alma+epel-8-x86_64-bootstrap/root/var/cache/yum
DEBUG util.py:717:  child environment: None
DEBUG util.py:636:  Executing command: ['/bin/mount', '-n', '-o', 'bind', '/var/cache/mock/alma+epel-8-x86_64-bootstrap/yum_cache', '/var/lib/mock/alma+epel-8-x86_64-bootstrap/root/var/cache/yum'] with env {'TERM': 'vt100', 'SHELL': '/bin/sh', 'HOME': '/builddir', 'HOSTNAME': 'mock', 'PATH': '/usr/bin:/bin:/usr/sbin:/sbin', 'LANG': 'C.UTF-8'} and shell False
DEBUG util.py:688:  Child return code was: 0
DEBUG file_util.py:17:  ensuring that dir exists: /var/lib/mock/alma+epel-8-x86_64-bootstrap/root/var/cache/dnf
DEBUG util.py:717:  child environment: None
DEBUG util.py:636:  Executing command: ['/bin/mount', '-n', '-o', 'bind', '/var/cache/mock/alma+epel-8-x86_64-bootstrap/dnf_cache', '/var/lib/mock/alma+epel-8-x86_64-bootstrap/root/var/cache/dnf'] with env {'TERM': 'vt100', 'SHELL': '/bin/sh', 'HOME': '/builddir', 'HOSTNAME': 'mock', 'PATH': '/usr/bin:/bin:/usr/sbin:/sbin', 'LANG': 'C.UTF-8'} and shell False
DEBUG util.py:688:  Child return code was: 0
DEBUG file_util.py:17:  ensuring that dir exists: /var/lib/mock/alma+epel-8-x86_64-bootstrap/root/root/mock-localrepo
DEBUG util.py:717:  child environment: None
DEBUG util.py:636:  Executing command: ['/bin/mount', '-n', '-o', 'bind', '/root/mock-localrepo', '/var/lib/mock/alma+epel-8-x86_64-bootstrap/root/root/mock-localrepo'] with env {'TERM': 'vt100', 'SHELL': '/bin/sh', 'HOME': '/builddir', 'HOSTNAME': 'mock', 'PATH': '/usr/bin:/bin:/usr/sbin:/sbin', 'LANG': 'C.UTF-8'} and shell False
DEBUG util.py:688:  Child return code was: 0
DEBUG file_util.py:17:  ensuring that dir exists: /var/lib/mock/alma+epel-8-x86_64-bootstrap/root/etc
DEBUG file_util.py:17:  ensuring that dir exists: /var/lib/mock/alma+epel-8-x86_64-bootstrap/root/etc
DEBUG buildroot.py:39:  method _cleanup_homedir skipped in bootstrap
DEBUG buildroot.py:39:  method _setup_build_dirs skipped in bootstrap
DEBUG buildroot.py:39:  method _make_users skipped in bootstrap
DEBUG file_util.py:29:  touching file: /var/lib/mock/alma+epel-8-x86_64-bootstrap/root/.initialized
DEBUG file_util.py:17:  ensuring that dir exists: /var/lib/mock/alma+epel-8-x86_64
DEBUG file_util.py:17:  ensuring that dir exists: /var/lib/mock/alma+epel-8-x86_64/root
DEBUG file_util.py:17:  ensuring that dir exists: /var/lib/mock/alma+epel-8-x86_64/result
INFO buildroot.py:321:  calling preinit hooks
DEBUG file_util.py:17:  ensuring that dir exists: /var/cache/mock/alma+epel-8-x86_64/root_cache/
DEBUG file_util.py:17:  ensuring that dir exists: /var/lib/mock/alma+epel-8-x86_64/root
DEBUG util.py:717:  child environment: None
DEBUG util.py:636:  Executing command: ['/bin/tar', '--use-compress-program', 'pigz', '-xf', '/var/cache/mock/alma+epel-8-x86_64/root_cache/cache.tar.gz', '-C', '/var/lib/mock/alma+epel-8-x86_64/root'] with env {'TERM': 'vt100', 'SHELL': '/bin/sh', 'HOME': '/builddir', 'HOSTNAME': 'mock', 'PATH': '/usr/bin:/bin:/usr/sbin:/sbin', 'LANG': 'C.UTF-8'} and shell False
DEBUG util.py:688:  Child return code was: 0
DEBUG file_util.py:17:  ensuring that dir exists: /var/lib/mock/alma+epel-8-x86_64/root/./proc
DEBUG file_util.py:20:  created dir: /var/lib/mock/alma+epel-8-x86_64/root/./proc
DEBUG file_util.py:17:  ensuring that dir exists: /var/lib/mock/alma+epel-8-x86_64/root/./sys
DEBUG file_util.py:20:  created dir: /var/lib/mock/alma+epel-8-x86_64/root/./sys
DEBUG file_util.py:17:  ensuring that dir exists: /var/lib/mock/alma+epel-8-x86_64/root/./dev
DEBUG file_util.py:20:  created dir: /var/lib/mock/alma+epel-8-x86_64/root/./dev
DEBUG file_util.py:17:  ensuring that dir exists: /var/lib/mock/alma+epel-8-x86_64/root/./tmp/ccache
DEBUG file_util.py:20:  created dir: /var/lib/mock/alma+epel-8-x86_64/root/./tmp/ccache
DEBUG file_util.py:17:  ensuring that dir exists: /var/lib/mock/alma+epel-8-x86_64/root/./var/cache/yum
DEBUG file_util.py:20:  created dir: /var/lib/mock/alma+epel-8-x86_64/root/./var/cache/yum
DEBUG file_util.py:17:  ensuring that dir exists: /var/lib/mock/alma+epel-8-x86_64/root/./var/cache/dnf
DEBUG file_util.py:20:  created dir: /var/lib/mock/alma+epel-8-x86_64/root/./var/cache/dnf
DEBUG file_util.py:17:  ensuring that dir exists: /var/lib/mock/alma+epel-8-x86_64/root/./var/log
DEBUG file_util.py:20:  created dir: /var/lib/mock/alma+epel-8-x86_64/root/./var/log
DEBUG file_util.py:17:  ensuring that dir exists: /var/cache/mock/alma+epel-8-x86_64/yum_cache
DEBUG file_util.py:17:  ensuring that dir exists: /var/cache/mock/alma+epel-8-x86_64/dnf_cache
DEBUG util.py:717:  child environment: None
DEBUG util.py:636:  Executing command: ['/usr/bin/lscpu'] with env {'TERM': 'vt100', 'SHELL': '/bin/sh', 'HOME': '/builddir', 'HOSTNAME': 'mock', 'PATH': '/usr/bin:/bin:/usr/sbin:/sbin', 'LANG': 'C.UTF-8'} and shell False
DEBUG util.py:537:  Architecture:        x86_64
DEBUG util.py:537:  CPU op-mode(s):      32-bit, 64-bit
DEBUG util.py:537:  Byte Order:          Little Endian
DEBUG util.py:537:  CPU(s):              4
DEBUG util.py:537:  On-line CPU(s) list: 0-3
DEBUG util.py:537:  Thread(s) per core:  1
DEBUG util.py:537:  Core(s) per socket:  1
DEBUG util.py:537:  Socket(s):           4
DEBUG util.py:537:  NUMA node(s):        1
DEBUG util.py:537:  Vendor ID:           GenuineIntel
DEBUG util.py:537:  BIOS Vendor ID:      QEMU
DEBUG util.py:537:  CPU family:          6
DEBUG util.py:537:  Model:               190
DEBUG util.py:537:  Model name:          Intel(R) N150
DEBUG util.py:537:  BIOS Model name:     pc-q35-8.2
DEBUG util.py:537:  Stepping:            0
DEBUG util.py:537:  CPU MHz:             806.400
DEBUG util.py:537:  BogoMIPS:            1612.80
DEBUG util.py:537:  Hypervisor vendor:   KVM
DEBUG util.py:537:  Virtualization type: full
DEBUG util.py:537:  L1d cache:           32K
DEBUG util.py:537:  L1i cache:           32K
DEBUG util.py:537:  L2 cache:            4096K
DEBUG util.py:537:  L3 cache:            16384K
DEBUG util.py:537:  NUMA node0 CPU(s):   0-3
DEBUG util.py:537:  Flags:               fpu vme de pse tsc msr pae mce cx8 apic sep mtrr pge mca cmov pat pse36 clflush mmx fxsr sse sse2 ss syscall nx pdpe1gb rdtscp lm constant_tsc arch_perfmon rep_good nopl xtopology cpuid tsc_known_freq pni pclmulqdq ssse3 fma cx16 pdcm sse4_1 sse4_2 x2apic movbe popcnt tsc_deadline_timer aes xsave avx f16c rdrand hypervisor lahf_lm abm 3dnowprefetch cpuid_fault ssbd ibrs ibpb stibp ibrs_enhanced fsgsbase tsc_adjust bmi1 avx2 smep bmi2 erms invpcid rdseed adx smap clflushopt clwb sha_ni xsaveopt xsavec xgetbv1 xsaves avx_vnni arat umip pku ospke waitpkg gfni vaes vpclmulqdq rdpid movdiri movdir64b fsrm md_clear serialize flush_l1d arch_capabilities
DEBUG util.py:688:  Child return code was: 0
DEBUG util.py:717:  child environment: None
DEBUG util.py:636:  Executing command: ['/bin/free', '--human'] with env {'TERM': 'vt100', 'SHELL': '/bin/sh', 'HOME': '/builddir', 'HOSTNAME': 'mock', 'PATH': '/usr/bin:/bin:/usr/sbin:/sbin', 'LANG': 'C.UTF-8'} and shell False
DEBUG util.py:537:                total        used        free      shared  buff/cache   available
DEBUG util.py:537:  Mem:          3.6Gi       599Mi       796Mi        91Mi       2.2Gi       2.7Gi
DEBUG util.py:537:  Swap:         4.0Gi       8.0Mi       3.9Gi
DEBUG util.py:688:  Child return code was: 0
DEBUG util.py:717:  child environment: None
DEBUG util.py:636:  Executing command: ['/bin/df', '-H', '-T', '/var/lib/mock/alma+epel-8-x86_64/root', '/var/cache/mock'] with env {'TERM': 'vt100', 'SHELL': '/bin/sh', 'HOME': '/builddir', 'HOSTNAME': 'mock', 'PATH': '/usr/bin:/bin:/usr/sbin:/sbin', 'LANG': 'C.UTF-8'} and shell False
DEBUG util.py:537:  Filesystem     Type  Size  Used Avail Use% Mounted on
DEBUG util.py:537:  /dev/vda3      xfs    49G   24G   25G  49% /
DEBUG util.py:537:  /dev/vda3      xfs    49G   24G   25G  49% /
DEBUG util.py:688:  Child return code was: 0
DEBUG buildroot.py:760:  create skeleton dirs
DEBUG file_util.py:17:  ensuring that dir exists: /var/lib/mock/alma+epel-8-x86_64/root/var/lib/rpm
DEBUG file_util.py:17:  ensuring that dir exists: /var/lib/mock/alma+epel-8-x86_64/root/var/lib/yum
DEBUG file_util.py:17:  ensuring that dir exists: /var/lib/mock/alma+epel-8-x86_64/root/var/lib/dbus
DEBUG file_util.py:17:  ensuring that dir exists: /var/lib/mock/alma+epel-8-x86_64/root/var/log
DEBUG file_util.py:17:  ensuring that dir exists: /var/lib/mock/alma+epel-8-x86_64/root/var/cache/dnf
DEBUG file_util.py:17:  ensuring that dir exists: /var/lib/mock/alma+epel-8-x86_64/root/var/cache/yum
DEBUG file_util.py:17:  ensuring that dir exists: /var/lib/mock/alma+epel-8-x86_64/root/etc/rpm
DEBUG file_util.py:17:  ensuring that dir exists: /var/lib/mock/alma+epel-8-x86_64/root/tmp
DEBUG file_util.py:17:  ensuring that dir exists: /var/lib/mock/alma+epel-8-x86_64/root/tmp/ccache
DEBUG file_util.py:17:  ensuring that dir exists: /var/lib/mock/alma+epel-8-x86_64/root/var/tmp
DEBUG file_util.py:17:  ensuring that dir exists: /var/lib/mock/alma+epel-8-x86_64/root/etc/dnf
DEBUG file_util.py:17:  ensuring that dir exists: /var/lib/mock/alma+epel-8-x86_64/root/etc/dnf/vars
DEBUG file_util.py:17:  ensuring that dir exists: /var/lib/mock/alma+epel-8-x86_64/root/etc/yum.repos.d
DEBUG file_util.py:17:  ensuring that dir exists: /var/lib/mock/alma+epel-8-x86_64/root/etc/yum
DEBUG file_util.py:17:  ensuring that dir exists: /var/lib/mock/alma+epel-8-x86_64/root/proc
DEBUG file_util.py:17:  ensuring that dir exists: /var/lib/mock/alma+epel-8-x86_64/root/sys
DEBUG file_util.py:17:  ensuring that dir exists: /var/lib/mock/alma+epel-8-x86_64/root/run/lock
DEBUG file_util.py:17:  ensuring that dir exists: /var/lib/mock/alma+epel-8-x86_64/root/dev/pts
DEBUG file_util.py:20:  created dir: /var/lib/mock/alma+epel-8-x86_64/root/dev/pts
DEBUG file_util.py:17:  ensuring that dir exists: /var/lib/mock/alma+epel-8-x86_64/root/dev/shm
DEBUG file_util.py:20:  created dir: /var/lib/mock/alma+epel-8-x86_64/root/dev/shm
DEBUG file_util.py:17:  ensuring that dir exists: /var/lib/mock/alma+epel-8-x86_64/root/dev/mapper
DEBUG file_util.py:20:  created dir: /var/lib/mock/alma+epel-8-x86_64/root/dev/mapper
DEBUG buildroot.py:904:  kernel version == 4.18.0-553.158.1.el8_10.x86_64
DEBUG file_util.py:29:  touching file: /var/lib/mock/alma+epel-8-x86_64/root/etc/fstab
DEBUG file_util.py:29:  touching file: /var/lib/mock/alma+epel-8-x86_64/root/etc/yum/yum.conf
DEBUG file_util.py:29:  touching file: /var/lib/mock/alma+epel-8-x86_64/root/etc/dnf/dnf.conf
DEBUG file_util.py:29:  touching file: /var/lib/mock/alma+epel-8-x86_64/root/var/log/yum.log
DEBUG buildroot.py:335:  rootdir = /var/lib/mock/alma+epel-8-x86_64/root
DEBUG buildroot.py:336:  resultdir = /var/lib/mock/alma+epel-8-x86_64/result
INFO buildroot.py:184:  Package manager dnf4 detected and used (direct choice)
DEBUG file_util.py:17:  ensuring that dir exists: /var/lib/mock/alma+epel-8-x86_64/root/etc/pki/mock
DEBUG package_manager.py:406:  copying CA trust dir into chroot: /etc/pki/ca-trust => /etc/pki/ca-trust
DEBUG file_util.py:191:  Updating files in /var/lib/mock/alma+epel-8-x86_64/root/etc/pki/ca-trust with files from /etc/pki/ca-trust
DEBUG file_util.py:17:  ensuring that dir exists: /var/lib/mock/alma+epel-8-x86_64/root/etc/pki/ca-trust
DEBUG file_util.py:17:  ensuring that dir exists: /var/lib/mock/alma+epel-8-x86_64/root/etc/pki/ca-trust/./extracted
DEBUG file_util.py:17:  ensuring that dir exists: /var/lib/mock/alma+epel-8-x86_64/root/etc/pki/ca-trust/./source
DEBUG file_util.py:17:  ensuring that dir exists: /var/lib/mock/alma+epel-8-x86_64/root/etc/pki/ca-trust/extracted/edk2
DEBUG file_util.py:17:  ensuring that dir exists: /var/lib/mock/alma+epel-8-x86_64/root/etc/pki/ca-trust/extracted/java
DEBUG file_util.py:17:  ensuring that dir exists: /var/lib/mock/alma+epel-8-x86_64/root/etc/pki/ca-trust/extracted/openssl
DEBUG file_util.py:17:  ensuring that dir exists: /var/lib/mock/alma+epel-8-x86_64/root/etc/pki/ca-trust/extracted/pem
DEBUG file_util.py:17:  ensuring that dir exists: /var/lib/mock/alma+epel-8-x86_64/root/etc/pki/ca-trust/source/anchors
DEBUG file_util.py:17:  ensuring that dir exists: /var/lib/mock/alma+epel-8-x86_64/root/etc/pki/ca-trust/source/blacklist
DEBUG package_manager.py:406:  copying CA trust dir into chroot: /usr/share/pki/ca-trust-source => /usr/share/pki/ca-trust-source
DEBUG file_util.py:191:  Updating files in /var/lib/mock/alma+epel-8-x86_64/root/usr/share/pki/ca-trust-source with files from /usr/share/pki/ca-trust-source
DEBUG file_util.py:17:  ensuring that dir exists: /var/lib/mock/alma+epel-8-x86_64/root/usr/share/pki/ca-trust-source
DEBUG file_util.py:17:  ensuring that dir exists: /var/lib/mock/alma+epel-8-x86_64/root/usr/share/pki/ca-trust-source/./anchors
DEBUG file_util.py:17:  ensuring that dir exists: /var/lib/mock/alma+epel-8-x86_64/root/usr/share/pki/ca-trust-source/./blacklist
DEBUG file_util.py:17:  ensuring that dir exists: /var/lib/mock/alma+epel-8-x86_64/root/etc/dnf
DEBUG package_manager.py:693:  configure DNF vars
DEBUG file_util.py:17:  ensuring that dir exists: /var/lib/mock/alma+epel-8-x86_64/root/var/cache/yum
DEBUG util.py:717:  child environment: None
DEBUG util.py:636:  Executing command: ['/bin/mount', '-n', '-o', 'bind', '/var/cache/mock/alma+epel-8-x86_64/yum_cache', '/var/lib/mock/alma+epel-8-x86_64/root/var/cache/yum'] with env {'TERM': 'vt100', 'SHELL': '/bin/sh', 'HOME': '/builddir', 'HOSTNAME': 'mock', 'PATH': '/usr/bin:/bin:/usr/sbin:/sbin', 'LANG': 'C.UTF-8'} and shell False
DEBUG util.py:688:  Child return code was: 0
DEBUG file_util.py:17:  ensuring that dir exists: /var/lib/mock/alma+epel-8-x86_64/root/var/cache/dnf
DEBUG util.py:717:  child environment: None
DEBUG util.py:636:  Executing command: ['/bin/mount', '-n', '-o', 'bind', '/var/cache/mock/alma+epel-8-x86_64/dnf_cache', '/var/lib/mock/alma+epel-8-x86_64/root/var/cache/dnf'] with env {'TERM': 'vt100', 'SHELL': '/bin/sh', 'HOME': '/builddir', 'HOSTNAME': 'mock', 'PATH': '/usr/bin:/bin:/usr/sbin:/sbin', 'LANG': 'C.UTF-8'} and shell False
DEBUG util.py:688:  Child return code was: 0
DEBUG file_util.py:29:  touching file: /var/lib/mock/alma+epel-8-x86_64/root/etc/resolv.conf
DEBUG util.py:717:  child environment: None
DEBUG util.py:631:  Using nspawn with args None
DEBUG util.py:636:  Executing command: ['/usr/bin/systemd-nspawn', '-q', '-M', 'ac5eca5b8aab4d52a247685b2eade15d', '-D', '/var/lib/mock/alma+epel-8-x86_64-bootstrap/root', '-a', '--setenv=TERM=vt100', '--setenv=SHELL=/bin/sh', '--setenv=HOME=/builddir', '--setenv=HOSTNAME=mock', '--setenv=PATH=/usr/bin:/bin:/usr/sbin:/sbin', '--setenv=LANG=C.UTF-8', 'rpm', '-q', 'rpm', 'rpm-sequoia', 'python3-dnf', 'python3-dnf-plugins-core', 'yum', 'yum-utils', 'dnf5', 'dnf5-plugins'] with env {'TERM': 'vt100', 'SHELL': '/bin/sh', 'HOME': '/builddir', 'HOSTNAME': 'mock', 'PATH': '/usr/bin:/bin:/usr/sbin:/sbin', 'LANG': 'C.UTF-8', 'SYSTEMD_NSPAWN_TMPFS_TMP': '0', 'SYSTEMD_SECCOMP': '0'} and shell False
DEBUG util.py:537:  rpm-4.14.3-32.el8_10.x86_64
DEBUG util.py:537:  package rpm-sequoia is not installed
DEBUG util.py:537:  python3-dnf-4.7.0-21.el8_10.alma.1.noarch
DEBUG util.py:537:  python3-dnf-plugins-core-4.0.21-25.el8.noarch
DEBUG util.py:537:  yum-4.7.0-21.el8_10.alma.1.noarch
DEBUG util.py:537:  package yum-utils is not installed
DEBUG util.py:537:  package dnf5 is not installed
DEBUG util.py:537:  package dnf5-plugins is not installed
DEBUG util.py:688:  Child return code was: 4
INFO package_manager.py:202:  Buildroot is handled by package management downloaded with a bootstrap image:
  rpm-4.14.3-32.el8_10.x86_64
  python3-dnf-4.7.0-21.el8_10.alma.1.noarch
  python3-dnf-plugins-core-4.0.21-25.el8.noarch
  yum-4.7.0-21.el8_10.alma.1.noarch
DEBUG file_util.py:17:  ensuring that dir exists: /var/lib/mock/alma+epel-8-x86_64-bootstrap/root/var/lib/mock/alma+epel-8-x86_64/root
DEBUG util.py:717:  child environment: None
DEBUG util.py:636:  Executing command: ['/bin/mount', '-n', '-t', 'tmpfs', '-o', 'private,mode=0755', 'tmpfs', '/var/lib/mock/alma+epel-8-x86_64-bootstrap/root/var/lib/mock/alma+epel-8-x86_64/root'] with env {'TERM': 'vt100', 'SHELL': '/bin/sh', 'HOME': '/builddir', 'HOSTNAME': 'mock', 'PATH': '/usr/bin:/bin:/usr/sbin:/sbin', 'LANG': 'C.UTF-8'} and shell False
DEBUG util.py:688:  Child return code was: 0
DEBUG file_util.py:17:  ensuring that dir exists: /var/lib/mock/alma+epel-8-x86_64-bootstrap/root/var/lib/mock/alma+epel-8-x86_64/root
DEBUG util.py:717:  child environment: None
DEBUG util.py:636:  Executing command: ['/bin/mount', '-n', '-o', 'rbind', '/var/lib/mock/alma+epel-8-x86_64/root', '/var/lib/mock/alma+epel-8-x86_64-bootstrap/root/var/lib/mock/alma+epel-8-x86_64/root'] with env {'TERM': 'vt100', 'SHELL': '/bin/sh', 'HOME': '/builddir', 'HOSTNAME': 'mock', 'PATH': '/usr/bin:/bin:/usr/sbin:/sbin', 'LANG': 'C.UTF-8'} and shell False
DEBUG util.py:688:  Child return code was: 0
DEBUG util.py:717:  child environment: None
DEBUG util.py:636:  Executing command: ['/bin/mount', '-n', '-o', 'remount,private,rbind', '--target', '/var/lib/mock/alma+epel-8-x86_64-bootstrap/root/var/lib/mock/alma+epel-8-x86_64/root'] with env {'TERM': 'vt100', 'SHELL': '/bin/sh', 'HOME': '/builddir', 'HOSTNAME': 'mock', 'PATH': '/usr/bin:/bin:/usr/sbin:/sbin', 'LANG': 'C.UTF-8'} and shell False
DEBUG util.py:688:  Child return code was: 0
DEBUG buildroot.py:723:  removing 3 rpm db files
DEBUG buildroot.py:728:  nuke_rpm_db: removing /var/lib/mock/alma+epel-8-x86_64-bootstrap/root/var/lib/rpm/__db.001
DEBUG buildroot.py:728:  nuke_rpm_db: removing /var/lib/mock/alma+epel-8-x86_64-bootstrap/root/var/lib/rpm/__db.002
DEBUG buildroot.py:728:  nuke_rpm_db: removing /var/lib/mock/alma+epel-8-x86_64-bootstrap/root/var/lib/rpm/__db.003
DEBUG util.py:717:  child environment: None
DEBUG util.py:631:  Using nspawn with args ['--capability=cap_ipc_lock', '--resolv-conf=off']
DEBUG util.py:636:  Executing command: ['/usr/bin/systemd-nspawn', '-q', '-M', 'eca6cffd9e7149a0801574bee7a6b65d', '-D', '/var/lib/mock/alma+epel-8-x86_64-bootstrap/root', '-a', '--capability=cap_ipc_lock', '--resolv-conf=off', '--setenv=TERM=vt100', '--setenv=SHELL=/bin/bash', '--setenv=HOME=/builddir', '--setenv=HOSTNAME=mock', '--setenv=PATH=/usr/bin:/bin:/usr/sbin:/sbin', '--setenv=PROMPT_COMMAND=printf "\\033]0;<mock-chroot>\\007"', '--setenv=PS1=<mock-chroot> \\s-\\v\\$ ', '--setenv=LANG=C.UTF-8', '/bin/rpm', '-qa', '--root', '/var/lib/mock/alma+epel-8-x86_64/root'] with env {'TERM': 'vt100', 'SHELL': '/bin/bash', 'HOME': '/builddir', 'HOSTNAME': 'mock', 'PATH': '/usr/bin:/bin:/usr/sbin:/sbin', 'PROMPT_COMMAND': 'printf "\\033]0;<mock-chroot>\\007"', 'PS1': '<mock-chroot> \\s-\\v\\$ ', 'LANG': 'C.UTF-8', 'SYSTEMD_NSPAWN_TMPFS_TMP': '0', 'SYSTEMD_SECCOMP': '0'} and shell False
DEBUG util.py:537:  gpg-pubkey-ced7258b-6525146f
DEBUG util.py:537:  libgcc-8.5.0-28.el8_10.alma.1.x86_64
DEBUG util.py:537:  crypto-policies-20230731-1.git3177e06.el8.noarch
DEBUG util.py:537:  python3-setuptools-wheel-39.2.0-9.el8_10.noarch
DEBUG util.py:537:  almalinux-release-8.10-1.el8.x86_64
DEBUG util.py:537:  filesystem-3.8-6.el8.x86_64
DEBUG util.py:537:  python3-rpm-macros-3-45.el8.noarch
DEBUG util.py:537:  ansible-srpm-macros-1-12.el8.noarch
DEBUG util.py:537:  qt5-srpm-macros-5.15.3-1.el8.noarch
DEBUG util.py:537:  openblas-srpm-macros-2-2.el8.noarch
DEBUG util.py:537:  go-srpm-macros-2-17.el8.noarch
DEBUG util.py:537:  tzdata-2026c-1.el8_10.noarch
DEBUG util.py:537:  pkgconf-m4-1.4.2-1.el8.noarch
DEBUG util.py:537:  pcre2-10.32-3.el8_6.x86_64
DEBUG util.py:537:  glibc-all-langpacks-2.28-251.el8_10.40.x86_64
DEBUG util.py:537:  glibc-gconv-extra-2.28-251.el8_10.40.x86_64
DEBUG util.py:537:  glibc-2.28-251.el8_10.40.x86_64
DEBUG util.py:537:  libsepol-2.9-3.el8.x86_64
DEBUG util.py:537:  info-6.5-7.el8.x86_64
DEBUG util.py:537:  xz-libs-5.2.4-4.el8_6.x86_64
DEBUG util.py:537:  libacl-2.4.0-1.el8_10.x86_64
DEBUG util.py:537:  libxcrypt-4.1.1-6.el8.x86_64
DEBUG util.py:537:  elfutils-libelf-0.190-2.el8.alma.1.x86_64
DEBUG util.py:537:  readline-7.0-10.el8.x86_64
DEBUG util.py:537:  libcap-2.48-6.el8_10.1.x86_64
DEBUG util.py:537:  sed-4.5-5.el8_10.x86_64
DEBUG util.py:537:  libuuid-2.32.1-48.el8_10.x86_64
DEBUG util.py:537:  libunistring-0.9.9-3.el8.x86_64
DEBUG util.py:537:  libgpg-error-1.31-1.el8.x86_64
DEBUG util.py:537:  p11-kit-0.23.22-2.el8.x86_64
DEBUG util.py:537:  libmpc-1.1.0-9.1.el8.x86_64
DEBUG util.py:537:  libattr-2.6.0-1.el8_10.x86_64
DEBUG util.py:537:  libgcrypt-1.8.5-8.el8_10.x86_64
DEBUG util.py:537:  findutils-4.6.0-24.el8_10.x86_64
DEBUG util.py:537:  elfutils-libs-0.190-2.el8.alma.1.x86_64
DEBUG util.py:537:  gdbm-libs-1.18-2.el8.x86_64
DEBUG util.py:537:  libcap-ng-0.7.11-1.el8.x86_64
DEBUG util.py:537:  libtasn1-4.13-6.el8_10.x86_64
DEBUG util.py:537:  lz4-libs-1.8.3-5.el8_10.x86_64
DEBUG util.py:537:  grep-3.1-6.el8.x86_64
DEBUG util.py:537:  libsemanage-2.9-12.el8_10.x86_64
DEBUG util.py:537:  elfutils-0.190-2.el8.alma.1.x86_64
DEBUG util.py:537:  patch-2.7.6-11.el8.x86_64
DEBUG util.py:537:  libpsl-0.20.2-6.el8.x86_64
DEBUG util.py:537:  libksba-1.3.5-9.el8_7.x86_64
DEBUG util.py:537:  libstdc++-devel-8.5.0-28.el8_10.alma.1.x86_64
DEBUG util.py:537:  tar-1.30-11.el8_10.x86_64
DEBUG util.py:537:  gnutls-3.6.16-8.el8_10.6.x86_64
DEBUG util.py:537:  libxml2-2.9.7-21.el8_10.6.x86_64
DEBUG util.py:537:  coreutils-common-8.30-20.el8_10.x86_64
DEBUG util.py:537:  libgomp-8.5.0-28.el8_10.alma.1.x86_64
DEBUG util.py:537:  cpio-2.12-11.el8.x86_64
DEBUG util.py:537:  libpkgconf-1.4.2-1.el8.x86_64
DEBUG util.py:537:  pkgconf-pkg-config-1.4.2-1.el8.x86_64
DEBUG util.py:537:  gawk-4.2.1-4.el8.x86_64
DEBUG util.py:537:  libtool-ltdl-2.4.6-25.el8.x86_64
DEBUG util.py:537:  ncurses-6.1-10.20180224.el8.x86_64
DEBUG util.py:537:  coreutils-8.30-20.el8_10.x86_64
DEBUG util.py:537:  libdb-5.3.28-42.el8_4.x86_64
DEBUG util.py:537:  libtirpc-1.1.4-12.el8_10.x86_64
DEBUG util.py:537:  libmount-2.32.1-48.el8_10.x86_64
DEBUG util.py:537:  libnsl2-1.2.0-2.20180605git4a062cf.el8.x86_64
DEBUG util.py:537:  platform-python-3.6.8-78.el8_10.alma.1.x86_64
DEBUG util.py:537:  binutils-2.30-128.el8_10.x86_64
DEBUG util.py:537:  cracklib-2.9.6-15.el8.x86_64
DEBUG util.py:537:  shadow-utils-4.6-23.el8_10.x86_64
DEBUG util.py:537:  tpm2-tss-2.3.2-6.el8.x86_64
DEBUG util.py:537:  libpwquality-1.4.4-6.el8.x86_64
DEBUG util.py:537:  libusbx-1.0.30-1.el8_10.x86_64
DEBUG util.py:537:  libbabeltrace-1.5.4-4.el8.x86_64
DEBUG util.py:537:  cyrus-sasl-lib-2.1.27-6.el8_5.x86_64
DEBUG util.py:537:  libdb-utils-5.3.28-42.el8_4.x86_64
DEBUG util.py:537:  npth-1.5-4.el8.x86_64
DEBUG util.py:537:  libatomic_ops-7.6.2-3.el8.x86_64
DEBUG util.py:537:  guile-2.0.14-7.el8.x86_64
DEBUG util.py:537:  libssh-config-0.9.6-16.el8_10.noarch
DEBUG util.py:537:  libcurl-7.61.1-34.el8_10.13.x86_64
DEBUG util.py:537:  rpm-libs-4.14.3-32.el8_10.x86_64
DEBUG util.py:537:  efi-srpm-macros-3-3.el8.noarch
DEBUG util.py:537:  rpm-build-libs-4.14.3-32.el8_10.x86_64
DEBUG util.py:537:  kernel-headers-4.18.0-553.158.1.el8_10.x86_64
DEBUG util.py:537:  glibc-devel-2.28-251.el8_10.40.x86_64
DEBUG util.py:537:  gcc-8.5.0-28.el8_10.alma.1.x86_64
DEBUG util.py:537:  annobin-11.13-2.el8.x86_64
DEBUG util.py:537:  rpm-build-4.14.3-32.el8_10.x86_64
DEBUG util.py:537:  epel-rpm-macros-8-43.noarch
DEBUG util.py:537:  which-2.21-21.el8_10.x86_64
DEBUG util.py:537:  gpg-pubkey-3abb34f8-5ffd890e
DEBUG util.py:537:  gpg-pubkey-2f86d6a1-5cf7cefb
DEBUG util.py:537:  python-srpm-macros-3-45.el8.noarch
DEBUG util.py:537:  python-rpm-macros-3-45.el8.noarch
DEBUG util.py:537:  python3-pip-wheel-9.0.3-24.el8.noarch
DEBUG util.py:537:  setup-2.12.2-9.el8.noarch
DEBUG util.py:537:  basesystem-11-5.el8.noarch
DEBUG util.py:537:  fpc-srpm-macros-1.3-1.el8.noarch
DEBUG util.py:537:  rust-srpm-macros-5-2.el8.noarch
DEBUG util.py:537:  perl-srpm-macros-1-25.el8.noarch
DEBUG util.py:537:  ocaml-srpm-macros-5-4.el8.noarch
DEBUG util.py:537:  ghc-srpm-macros-1.4.2-7.el8.noarch
DEBUG util.py:537:  publicsuffix-list-dafsa-20180723-1.el8.noarch
DEBUG util.py:537:  ncurses-base-6.1-10.20180224.el8.noarch
DEBUG util.py:537:  libselinux-2.9-11.el8_10.x86_64
DEBUG util.py:537:  ncurses-libs-6.1-10.20180224.el8.x86_64
DEBUG util.py:537:  glibc-common-2.28-251.el8_10.40.x86_64
DEBUG util.py:537:  bash-4.4.20-6.el8_10.x86_64
DEBUG util.py:537:  zlib-1.2.11-25.el8.x86_64
DEBUG util.py:537:  bzip2-libs-1.0.6-28.el8_10.x86_64
DEBUG util.py:537:  gmp-6.1.2-11.el8.x86_64
DEBUG util.py:537:  libstdc++-8.5.0-28.el8_10.alma.1.x86_64
DEBUG util.py:537:  libzstd-1.4.4-1.el8.x86_64
DEBUG util.py:537:  mpfr-3.1.6-1.el8.x86_64
DEBUG util.py:537:  sqlite-libs-3.26.0-21.el8_10.x86_64
DEBUG util.py:537:  popt-1.18-1.el8.x86_64
DEBUG util.py:537:  libcom_err-1.45.6-7.el8_10.x86_64
DEBUG util.py:537:  chkconfig-1.19.2-1.el8.x86_64
DEBUG util.py:537:  libffi-3.1-24.el8.x86_64
DEBUG util.py:537:  lua-libs-5.3.4-12.el8.x86_64
DEBUG util.py:537:  libidn2-2.2.0-1.el8.x86_64
DEBUG util.py:537:  file-libs-5.33-27.el8_10.x86_64
DEBUG util.py:537:  file-5.33-27.el8_10.x86_64
DEBUG util.py:537:  unzip-6.0-48.el8_10.x86_64
DEBUG util.py:537:  elfutils-default-yama-scope-0.190-2.el8.alma.1.noarch
DEBUG util.py:537:  expat-2.5.0-2.el8_10.x86_64
DEBUG util.py:537:  keyutils-libs-1.5.10-9.el8.x86_64
DEBUG util.py:537:  audit-libs-3.1.2-1.el8_10.1.x86_64
DEBUG util.py:537:  p11-kit-trust-0.23.22-2.el8.x86_64
DEBUG util.py:537:  pcre-8.42-6.el8.x86_64
DEBUG util.py:537:  xz-5.2.4-4.el8_6.x86_64
DEBUG util.py:537:  gdbm-1.18-2.el8.x86_64
DEBUG util.py:537:  zip-3.0-23.el8.x86_64
DEBUG util.py:537:  cpp-8.5.0-28.el8_10.alma.1.x86_64
DEBUG util.py:537:  libassuan-2.5.1-3.el8.x86_64
DEBUG util.py:537:  dwz-0.12-10.el8.x86_64
DEBUG util.py:537:  zstd-1.4.4-1.el8.x86_64
DEBUG util.py:537:  nettle-3.4.1-7.el8.x86_64
DEBUG util.py:537:  isl-0.16.1-6.el8.x86_64
DEBUG util.py:537:  bzip2-1.0.6-28.el8_10.x86_64
DEBUG util.py:537:  diffutils-3.6-6.el8.x86_64
DEBUG util.py:537:  brotli-1.0.6-4.el8_10.x86_64
DEBUG util.py:537:  libnghttp2-1.33.0-6.el8_10.3.x86_64
DEBUG util.py:537:  pkgconf-1.4.2-1.el8.x86_64
DEBUG util.py:537:  libsigsegv-2.11-5.el8.x86_64
DEBUG util.py:537:  libsmartcols-2.32.1-48.el8_10.x86_64
DEBUG util.py:537:  libverto-0.3.2-2.el8.x86_64
DEBUG util.py:537:  openssl-libs-1.1.1k-17.el8_6.x86_64
DEBUG util.py:537:  ca-certificates-2025.2.80_v9.0.304-80.2.el8_10.noarch
DEBUG util.py:537:  krb5-libs-1.18.2-34.el8_10.x86_64
DEBUG util.py:537:  libblkid-2.32.1-48.el8_10.x86_64
DEBUG util.py:537:  systemd-libs-239-82.el8_10.17.x86_64
DEBUG util.py:537:  platform-python-setuptools-39.2.0-9.el8_10.noarch
DEBUG util.py:537:  python3-libs-3.6.8-78.el8_10.alma.1.x86_64
DEBUG util.py:537:  gzip-1.9-13.el8_5.x86_64
DEBUG util.py:537:  cracklib-dicts-2.9.6-15.el8.x86_64
DEBUG util.py:537:  libutempter-1.1.6-14.el8.x86_64
DEBUG util.py:537:  ima-evm-utils-1.3.2-12.el8.x86_64
DEBUG util.py:537:  pam-1.3.1-40.el8_10.x86_64
DEBUG util.py:537:  glib2-2.56.4-170.el8_10.x86_64
DEBUG util.py:537:  libfdisk-2.32.1-48.el8_10.x86_64
DEBUG util.py:537:  openldap-2.4.46-21.el8_10.x86_64
DEBUG util.py:537:  libarchive-3.3.3-7.el8_10.x86_64
DEBUG util.py:537:  gnupg2-2.2.20-4.el8_10.x86_64
DEBUG util.py:537:  gc-7.6.4-3.el8.x86_64
DEBUG util.py:537:  libipt-1.6.1-8.el8.x86_64
DEBUG util.py:537:  libssh-0.9.6-16.el8_10.x86_64
DEBUG util.py:537:  curl-7.61.1-34.el8_10.13.x86_64
DEBUG util.py:537:  rpm-4.14.3-32.el8_10.x86_64
DEBUG util.py:537:  lua-srpm-macros-1-13.el8.noarch
DEBUG util.py:537:  gdb-headless-8.2-20.el8.x86_64
DEBUG util.py:537:  glibc-headers-2.28-251.el8_10.40.x86_64
DEBUG util.py:537:  libxcrypt-devel-4.1.1-6.el8.x86_64
DEBUG util.py:537:  gcc-plugin-annobin-8.5.0-28.el8_10.alma.1.x86_64
DEBUG util.py:537:  redhat-rpm-config-131-1.el8.alma.noarch
DEBUG util.py:537:  gcc-c++-8.5.0-28.el8_10.alma.1.x86_64
DEBUG util.py:537:  util-linux-2.32.1-48.el8_10.x86_64
DEBUG util.py:537:  make-4.2.1-11.el8.x86_64
DEBUG util.py:688:  Child return code was: 0
DEBUG util.py:200:  kill orphans in chroot /var/lib/mock/alma+epel-8-x86_64/root
DEBUG util.py:200:  kill orphans in chroot /var/lib/mock/alma+epel-8-x86_64-bootstrap/root/var/lib/mock/alma+epel-8-x86_64/root
DEBUG util.py:717:  child environment: None
DEBUG util.py:636:  Executing command: ['/bin/umount', '-n', '-l', '/var/lib/mock/alma+epel-8-x86_64-bootstrap/root/var/lib/mock/alma+epel-8-x86_64/root'] with env {'TERM': 'vt100', 'SHELL': '/bin/sh', 'HOME': '/builddir', 'HOSTNAME': 'mock', 'PATH': '/usr/bin:/bin:/usr/sbin:/sbin', 'LANG': 'C.UTF-8'} and shell False
DEBUG util.py:688:  Child return code was: 0
DEBUG util.py:717:  child environment: None
DEBUG util.py:636:  Executing command: ['/bin/umount', '-n', '-l', '/var/lib/mock/alma+epel-8-x86_64-bootstrap/root/var/lib/mock/alma+epel-8-x86_64/root'] with env {'TERM': 'vt100', 'SHELL': '/bin/sh', 'HOME': '/builddir', 'HOSTNAME': 'mock', 'PATH': '/usr/bin:/bin:/usr/sbin:/sbin', 'LANG': 'C.UTF-8'} and shell False
DEBUG util.py:688:  Child return code was: 0
DEBUG file_util.py:17:  ensuring that dir exists: /var/lib/mock/alma+epel-8-x86_64/root/proc
DEBUG util.py:717:  child environment: None
DEBUG util.py:636:  Executing command: ['/bin/mount', '-n', '-t', 'tmpfs', '-o', 'rprivate,mode=0755', 'tmpfs', '/var/lib/mock/alma+epel-8-x86_64/root/proc'] with env {'TERM': 'vt100', 'SHELL': '/bin/sh', 'HOME': '/builddir', 'HOSTNAME': 'mock', 'PATH': '/usr/bin:/bin:/usr/sbin:/sbin', 'LANG': 'C.UTF-8'} and shell False
DEBUG util.py:688:  Child return code was: 0
DEBUG file_util.py:17:  ensuring that dir exists: /var/lib/mock/alma+epel-8-x86_64/root/proc
DEBUG util.py:717:  child environment: None
DEBUG util.py:636:  Executing command: ['/bin/mount', '-n', '-o', 'rbind', '/proc', '/var/lib/mock/alma+epel-8-x86_64/root/proc'] with env {'TERM': 'vt100', 'SHELL': '/bin/sh', 'HOME': '/builddir', 'HOSTNAME': 'mock', 'PATH': '/usr/bin:/bin:/usr/sbin:/sbin', 'LANG': 'C.UTF-8'} and shell False
DEBUG util.py:688:  Child return code was: 0
DEBUG util.py:717:  child environment: None
DEBUG util.py:636:  Executing command: ['/bin/mount', '-n', '-o', 'remount,nodev,noexec,nosuid,readonly,rprivate,rbind', '--target', '/var/lib/mock/alma+epel-8-x86_64/root/proc'] with env {'TERM': 'vt100', 'SHELL': '/bin/sh', 'HOME': '/builddir', 'HOSTNAME': 'mock', 'PATH': '/usr/bin:/bin:/usr/sbin:/sbin', 'LANG': 'C.UTF-8'} and shell False
DEBUG util.py:688:  Child return code was: 0
DEBUG file_util.py:17:  ensuring that dir exists: /var/lib/mock/alma+epel-8-x86_64/root/sys
DEBUG util.py:717:  child environment: None
DEBUG util.py:636:  Executing command: ['/bin/mount', '-n', '-t', 'tmpfs', '-o', 'rprivate,mode=0755', 'tmpfs', '/var/lib/mock/alma+epel-8-x86_64/root/sys'] with env {'TERM': 'vt100', 'SHELL': '/bin/sh', 'HOME': '/builddir', 'HOSTNAME': 'mock', 'PATH': '/usr/bin:/bin:/usr/sbin:/sbin', 'LANG': 'C.UTF-8'} and shell False
DEBUG util.py:688:  Child return code was: 0
DEBUG file_util.py:17:  ensuring that dir exists: /var/lib/mock/alma+epel-8-x86_64/root/sys
DEBUG util.py:717:  child environment: None
DEBUG util.py:636:  Executing command: ['/bin/mount', '-n', '-o', 'rbind', '/sys', '/var/lib/mock/alma+epel-8-x86_64/root/sys'] with env {'TERM': 'vt100', 'SHELL': '/bin/sh', 'HOME': '/builddir', 'HOSTNAME': 'mock', 'PATH': '/usr/bin:/bin:/usr/sbin:/sbin', 'LANG': 'C.UTF-8'} and shell False
DEBUG util.py:688:  Child return code was: 0
DEBUG util.py:717:  child environment: None
DEBUG util.py:636:  Executing command: ['/bin/mount', '-n', '-o', 'remount,nodev,noexec,nosuid,readonly,rprivate,rbind', '--target', '/var/lib/mock/alma+epel-8-x86_64/root/sys'] with env {'TERM': 'vt100', 'SHELL': '/bin/sh', 'HOME': '/builddir', 'HOSTNAME': 'mock', 'PATH': '/usr/bin:/bin:/usr/sbin:/sbin', 'LANG': 'C.UTF-8'} and shell False
DEBUG util.py:688:  Child return code was: 0
DEBUG file_util.py:17:  ensuring that dir exists: /var/lib/mock/alma+epel-8-x86_64/root/dev/shm
DEBUG util.py:717:  child environment: None
DEBUG util.py:636:  Executing command: ['/bin/mount', '-n', '-t', 'tmpfs', 'tmpfs', '/var/lib/mock/alma+epel-8-x86_64/root/dev/shm'] with env {'TERM': 'vt100', 'SHELL': '/bin/sh', 'HOME': '/builddir', 'HOSTNAME': 'mock', 'PATH': '/usr/bin:/bin:/usr/sbin:/sbin', 'LANG': 'C.UTF-8'} and shell False
DEBUG util.py:688:  Child return code was: 0
DEBUG file_util.py:17:  ensuring that dir exists: /var/lib/mock/alma+epel-8-x86_64/root/dev/pts
DEBUG util.py:717:  child environment: None
DEBUG util.py:636:  Executing command: ['/bin/mount', '-n', '-t', 'devpts', '-o', 'gid=5,mode=0620,ptmxmode=0666,newinstance', 'devpts', '/var/lib/mock/alma+epel-8-x86_64/root/dev/pts'] with env {'TERM': 'vt100', 'SHELL': '/bin/sh', 'HOME': '/builddir', 'HOSTNAME': 'mock', 'PATH': '/usr/bin:/bin:/usr/sbin:/sbin', 'LANG': 'C.UTF-8'} and shell False
DEBUG util.py:688:  Child return code was: 0
DEBUG util.py:717:  child environment: None
DEBUG util.py:636:  Executing command: ['/bin/mount', '-n', '-o', 'bind', '/tmp/mock-selinux-plugin.u5qhx6v7', '/var/lib/mock/alma+epel-8-x86_64/root/proc/filesystems'] with env {'TERM': 'vt100', 'SHELL': '/bin/sh', 'HOME': '/builddir', 'HOSTNAME': 'mock', 'PATH': '/usr/bin:/bin:/usr/sbin:/sbin', 'LANG': 'C.UTF-8'} and shell False
DEBUG util.py:688:  Child return code was: 0
DEBUG file_util.py:17:  ensuring that dir exists: /var/lib/mock/alma+epel-8-x86_64/root/sys/fs/selinux
DEBUG util.py:717:  child environment: None
DEBUG util.py:636:  Executing command: ['/bin/mount', '-n', '-t', 'tmpfs', 'tmpfs', '/var/lib/mock/alma+epel-8-x86_64/root/sys/fs/selinux'] with env {'TERM': 'vt100', 'SHELL': '/bin/sh', 'HOME': '/builddir', 'HOSTNAME': 'mock', 'PATH': '/usr/bin:/bin:/usr/sbin:/sbin', 'LANG': 'C.UTF-8'} and shell False
DEBUG util.py:688:  Child return code was: 0
DEBUG file_util.py:17:  ensuring that dir exists: /var/lib/mock/alma+epel-8-x86_64-bootstrap/root/var/lib/mock/alma+epel-8-x86_64/root
DEBUG util.py:717:  child environment: None
DEBUG util.py:636:  Executing command: ['/bin/mount', '-n', '-t', 'tmpfs', '-o', 'private,mode=0755', 'tmpfs', '/var/lib/mock/alma+epel-8-x86_64-bootstrap/root/var/lib/mock/alma+epel-8-x86_64/root'] with env {'TERM': 'vt100', 'SHELL': '/bin/sh', 'HOME': '/builddir', 'HOSTNAME': 'mock', 'PATH': '/usr/bin:/bin:/usr/sbin:/sbin', 'LANG': 'C.UTF-8'} and shell False
DEBUG util.py:688:  Child return code was: 0
DEBUG file_util.py:17:  ensuring that dir exists: /var/lib/mock/alma+epel-8-x86_64-bootstrap/root/var/lib/mock/alma+epel-8-x86_64/root
DEBUG util.py:717:  child environment: None
DEBUG util.py:636:  Executing command: ['/bin/mount', '-n', '-o', 'rbind', '/var/lib/mock/alma+epel-8-x86_64/root', '/var/lib/mock/alma+epel-8-x86_64-bootstrap/root/var/lib/mock/alma+epel-8-x86_64/root'] with env {'TERM': 'vt100', 'SHELL': '/bin/sh', 'HOME': '/builddir', 'HOSTNAME': 'mock', 'PATH': '/usr/bin:/bin:/usr/sbin:/sbin', 'LANG': 'C.UTF-8'} and shell False
DEBUG util.py:688:  Child return code was: 0
DEBUG util.py:717:  child environment: None
DEBUG util.py:636:  Executing command: ['/bin/mount', '-n', '-o', 'remount,private,rbind', '--target', '/var/lib/mock/alma+epel-8-x86_64-bootstrap/root/var/lib/mock/alma+epel-8-x86_64/root'] with env {'TERM': 'vt100', 'SHELL': '/bin/sh', 'HOME': '/builddir', 'HOSTNAME': 'mock', 'PATH': '/usr/bin:/bin:/usr/sbin:/sbin', 'LANG': 'C.UTF-8'} and shell False
DEBUG util.py:688:  Child return code was: 0
DEBUG file_util.py:17:  ensuring that dir exists: /var/lib/mock/alma+epel-8-x86_64/root/installation-homedir
DEBUG package_manager.py:296:  ['/usr/bin/dnf-3', '--installroot', '/var/lib/mock/alma+epel-8-x86_64/root/', '-y', '--releasever', '8', '--setopt=deltarpm=False', '--setopt=allow_vendor_change=yes', '--allowerasing', '--disableplugin=local', '--disableplugin=spacewalk', '--disableplugin=versionlock', 'update']
DEBUG util.py:717:  child environment: None
DEBUG util.py:631:  Using nspawn with args ['--capability=cap_ipc_lock', '--resolv-conf=off']
DEBUG util.py:636:  Executing command: ['/usr/bin/systemd-nspawn', '-q', '-M', '3c7f0bbf3ad0489e9a68de5e36d770f7', '-D', '/var/lib/mock/alma+epel-8-x86_64-bootstrap/root', '-a', '--capability=cap_ipc_lock', '--resolv-conf=off', '--setenv=TERM=vt100', '--setenv=SHELL=/bin/bash', '--setenv=HOME=/var/lib/mock/alma+epel-8-x86_64/root/installation-homedir', '--setenv=HOSTNAME=mock', '--setenv=PATH=/usr/bin:/bin:/usr/sbin:/sbin', '--setenv=PROMPT_COMMAND=printf "\\033]0;<mock-chroot>\\007"', '--setenv=PS1=<mock-chroot> \\s-\\v\\$ ', '--setenv=LANG=C.UTF-8', '--setenv=LC_MESSAGES=C.UTF-8', '/usr/bin/dnf-3', '--installroot', '/var/lib/mock/alma+epel-8-x86_64/root/', '-y', '--releasever', '8', '--setopt=deltarpm=False', '--setopt=allow_vendor_change=yes', '--allowerasing', '--disableplugin=local', '--disableplugin=spacewalk', '--disableplugin=versionlock', 'update', '--setopt=tsflags=nocontexts'] with env {'TERM': 'vt100', 'SHELL': '/bin/bash', 'HOME': '/var/lib/mock/alma+epel-8-x86_64/root/installation-homedir', 'HOSTNAME': 'mock', 'PATH': '/usr/bin:/bin:/usr/sbin:/sbin', 'PROMPT_COMMAND': 'printf "\\033]0;<mock-chroot>\\007"', 'PS1': '<mock-chroot> \\s-\\v\\$ ', 'LANG': 'C.UTF-8', 'LC_MESSAGES': 'C.UTF-8', 'SYSTEMD_NSPAWN_TMPFS_TMP': '0', 'SYSTEMD_SECCOMP': '0'} and shell False
DEBUG util.py:535:  No matches found for the following disable plugin patterns: local, spacewalk, versionlock
DEBUG util.py:537:  AlmaLinux 8 - BaseOS                                                                                                                                         3.4 kB/s | 3.8 kB     00:01    
DEBUG util.py:537:  AlmaLinux 8 - AppStream                                                                                                                                      5.3 kB/s | 4.3 kB     00:00    
DEBUG util.py:537:  AlmaLinux 8 - PowerTools                                                                                                                                     5.0 kB/s | 4.2 kB     00:00    
DEBUG util.py:537:  AlmaLinux 8 - Extras                                                                                                                                         3.0 kB/s | 3.3 kB     00:01    
DEBUG util.py:537:  Extra Packages for Enterprise Linux 8 - x86_64                                                                                                                11 kB/s | 9.8 kB     00:00    
DEBUG util.py:537:  mock-localrepo                                                                                                                                               2.9 MB/s | 3.0 kB     00:00    
DEBUG util.py:537:  Dependencies resolved.
DEBUG util.py:537:  Nothing to do.
DEBUG util.py:537:  Complete!
DEBUG util.py:688:  Child return code was: 0
DEBUG util.py:200:  kill orphans in chroot /var/lib/mock/alma+epel-8-x86_64/root
DEBUG util.py:200:  kill orphans in chroot /var/lib/mock/alma+epel-8-x86_64-bootstrap/root/var/lib/mock/alma+epel-8-x86_64/root
DEBUG util.py:717:  child environment: None
DEBUG util.py:636:  Executing command: ['/bin/umount', '-n', '-l', '/var/lib/mock/alma+epel-8-x86_64-bootstrap/root/var/lib/mock/alma+epel-8-x86_64/root'] with env {'TERM': 'vt100', 'SHELL': '/bin/sh', 'HOME': '/builddir', 'HOSTNAME': 'mock', 'PATH': '/usr/bin:/bin:/usr/sbin:/sbin', 'LANG': 'C.UTF-8'} and shell False
DEBUG util.py:688:  Child return code was: 0
DEBUG util.py:717:  child environment: None
DEBUG util.py:636:  Executing command: ['/bin/umount', '-n', '-l', '/var/lib/mock/alma+epel-8-x86_64-bootstrap/root/var/lib/mock/alma+epel-8-x86_64/root'] with env {'TERM': 'vt100', 'SHELL': '/bin/sh', 'HOME': '/builddir', 'HOSTNAME': 'mock', 'PATH': '/usr/bin:/bin:/usr/sbin:/sbin', 'LANG': 'C.UTF-8'} and shell False
DEBUG util.py:688:  Child return code was: 0
DEBUG util.py:717:  child environment: None
DEBUG util.py:636:  Executing command: ['/bin/umount', '-n', '-l', '/var/lib/mock/alma+epel-8-x86_64/root/sys/fs/selinux'] with env {'TERM': 'vt100', 'SHELL': '/bin/sh', 'HOME': '/builddir', 'HOSTNAME': 'mock', 'PATH': '/usr/bin:/bin:/usr/sbin:/sbin', 'LANG': 'C.UTF-8'} and shell False
DEBUG util.py:688:  Child return code was: 0
DEBUG util.py:717:  child environment: None
DEBUG util.py:636:  Executing command: ['/bin/umount', '-n', '/var/lib/mock/alma+epel-8-x86_64/root/proc/filesystems'] with env {'TERM': 'vt100', 'SHELL': '/bin/sh', 'HOME': '/builddir', 'HOSTNAME': 'mock', 'PATH': '/usr/bin:/bin:/usr/sbin:/sbin', 'LANG': 'C.UTF-8'} and shell False
DEBUG util.py:688:  Child return code was: 0
DEBUG util.py:717:  child environment: None
DEBUG util.py:636:  Executing command: ['/bin/umount', '-n', '-l', '/var/lib/mock/alma+epel-8-x86_64/root/dev/pts'] with env {'TERM': 'vt100', 'SHELL': '/bin/sh', 'HOME': '/builddir', 'HOSTNAME': 'mock', 'PATH': '/usr/bin:/bin:/usr/sbin:/sbin', 'LANG': 'C.UTF-8'} and shell False
DEBUG util.py:688:  Child return code was: 0
DEBUG util.py:717:  child environment: None
DEBUG util.py:636:  Executing command: ['/bin/umount', '-n', '-l', '/var/lib/mock/alma+epel-8-x86_64/root/dev/shm'] with env {'TERM': 'vt100', 'SHELL': '/bin/sh', 'HOME': '/builddir', 'HOSTNAME': 'mock', 'PATH': '/usr/bin:/bin:/usr/sbin:/sbin', 'LANG': 'C.UTF-8'} and shell False
DEBUG util.py:688:  Child return code was: 0
DEBUG util.py:717:  child environment: None
DEBUG util.py:636:  Executing command: ['/bin/umount', '-n', '-l', '/var/lib/mock/alma+epel-8-x86_64/root/sys'] with env {'TERM': 'vt100', 'SHELL': '/bin/sh', 'HOME': '/builddir', 'HOSTNAME': 'mock', 'PATH': '/usr/bin:/bin:/usr/sbin:/sbin', 'LANG': 'C.UTF-8'} and shell False
DEBUG util.py:688:  Child return code was: 0
DEBUG util.py:717:  child environment: None
DEBUG util.py:636:  Executing command: ['/bin/umount', '-n', '-l', '/var/lib/mock/alma+epel-8-x86_64/root/sys'] with env {'TERM': 'vt100', 'SHELL': '/bin/sh', 'HOME': '/builddir', 'HOSTNAME': 'mock', 'PATH': '/usr/bin:/bin:/usr/sbin:/sbin', 'LANG': 'C.UTF-8'} and shell False
DEBUG util.py:688:  Child return code was: 0
DEBUG util.py:717:  child environment: None
DEBUG util.py:636:  Executing command: ['/bin/umount', '-n', '-l', '/var/lib/mock/alma+epel-8-x86_64/root/proc'] with env {'TERM': 'vt100', 'SHELL': '/bin/sh', 'HOME': '/builddir', 'HOSTNAME': 'mock', 'PATH': '/usr/bin:/bin:/usr/sbin:/sbin', 'LANG': 'C.UTF-8'} and shell False
DEBUG util.py:688:  Child return code was: 0
DEBUG util.py:717:  child environment: None
DEBUG util.py:636:  Executing command: ['/bin/umount', '-n', '-l', '/var/lib/mock/alma+epel-8-x86_64/root/proc'] with env {'TERM': 'vt100', 'SHELL': '/bin/sh', 'HOME': '/builddir', 'HOSTNAME': 'mock', 'PATH': '/usr/bin:/bin:/usr/sbin:/sbin', 'LANG': 'C.UTF-8'} and shell False
DEBUG util.py:688:  Child return code was: 0
DEBUG buildroot.py:723:  removing 3 rpm db files
DEBUG buildroot.py:728:  nuke_rpm_db: removing /var/lib/mock/alma+epel-8-x86_64/root/var/lib/rpm/__db.001
DEBUG buildroot.py:728:  nuke_rpm_db: removing /var/lib/mock/alma+epel-8-x86_64/root/var/lib/rpm/__db.002
DEBUG buildroot.py:728:  nuke_rpm_db: removing /var/lib/mock/alma+epel-8-x86_64/root/var/lib/rpm/__db.003
DEBUG file_util.py:17:  ensuring that dir exists: /var/lib/mock/alma+epel-8-x86_64-bootstrap/root/var/lib/mock/alma+epel-8-x86_64/root
DEBUG util.py:717:  child environment: None
DEBUG util.py:636:  Executing command: ['/bin/mount', '-n', '-t', 'tmpfs', '-o', 'private,mode=0755', 'tmpfs', '/var/lib/mock/alma+epel-8-x86_64-bootstrap/root/var/lib/mock/alma+epel-8-x86_64/root'] with env {'TERM': 'vt100', 'SHELL': '/bin/sh', 'HOME': '/builddir', 'HOSTNAME': 'mock', 'PATH': '/usr/bin:/bin:/usr/sbin:/sbin', 'LANG': 'C.UTF-8'} and shell False
DEBUG util.py:688:  Child return code was: 0
DEBUG file_util.py:17:  ensuring that dir exists: /var/lib/mock/alma+epel-8-x86_64-bootstrap/root/var/lib/mock/alma+epel-8-x86_64/root
DEBUG util.py:717:  child environment: None
DEBUG util.py:636:  Executing command: ['/bin/mount', '-n', '-o', 'rbind', '/var/lib/mock/alma+epel-8-x86_64/root', '/var/lib/mock/alma+epel-8-x86_64-bootstrap/root/var/lib/mock/alma+epel-8-x86_64/root'] with env {'TERM': 'vt100', 'SHELL': '/bin/sh', 'HOME': '/builddir', 'HOSTNAME': 'mock', 'PATH': '/usr/bin:/bin:/usr/sbin:/sbin', 'LANG': 'C.UTF-8'} and shell False
DEBUG util.py:688:  Child return code was: 0
DEBUG util.py:717:  child environment: None
DEBUG util.py:636:  Executing command: ['/bin/mount', '-n', '-o', 'remount,private,rbind', '--target', '/var/lib/mock/alma+epel-8-x86_64-bootstrap/root/var/lib/mock/alma+epel-8-x86_64/root'] with env {'TERM': 'vt100', 'SHELL': '/bin/sh', 'HOME': '/builddir', 'HOSTNAME': 'mock', 'PATH': '/usr/bin:/bin:/usr/sbin:/sbin', 'LANG': 'C.UTF-8'} and shell False
DEBUG util.py:688:  Child return code was: 0
DEBUG util.py:717:  child environment: None
DEBUG util.py:631:  Using nspawn with args ['--capability=cap_ipc_lock', '--resolv-conf=off']
DEBUG util.py:636:  Executing command: ['/usr/bin/systemd-nspawn', '-q', '-M', '2fa09e4f14a04b2ea73c2c3d30b87f02', '-D', '/var/lib/mock/alma+epel-8-x86_64-bootstrap/root', '-a', '--capability=cap_ipc_lock', '--resolv-conf=off', '--setenv=TERM=vt100', '--setenv=SHELL=/bin/bash', '--setenv=HOME=/builddir', '--setenv=HOSTNAME=mock', '--setenv=PATH=/usr/bin:/bin:/usr/sbin:/sbin', '--setenv=PROMPT_COMMAND=printf "\\033]0;<mock-chroot>\\007"', '--setenv=PS1=<mock-chroot> \\s-\\v\\$ ', '--setenv=LANG=C.UTF-8', '/bin/rpm', '-qa', '--root', '/var/lib/mock/alma+epel-8-x86_64/root'] with env {'TERM': 'vt100', 'SHELL': '/bin/bash', 'HOME': '/builddir', 'HOSTNAME': 'mock', 'PATH': '/usr/bin:/bin:/usr/sbin:/sbin', 'PROMPT_COMMAND': 'printf "\\033]0;<mock-chroot>\\007"', 'PS1': '<mock-chroot> \\s-\\v\\$ ', 'LANG': 'C.UTF-8', 'SYSTEMD_NSPAWN_TMPFS_TMP': '0', 'SYSTEMD_SECCOMP': '0'} and shell False
DEBUG util.py:537:  gpg-pubkey-ced7258b-6525146f
DEBUG util.py:537:  libgcc-8.5.0-28.el8_10.alma.1.x86_64
DEBUG util.py:537:  crypto-policies-20230731-1.git3177e06.el8.noarch
DEBUG util.py:537:  python3-setuptools-wheel-39.2.0-9.el8_10.noarch
DEBUG util.py:537:  almalinux-release-8.10-1.el8.x86_64
DEBUG util.py:537:  filesystem-3.8-6.el8.x86_64
DEBUG util.py:537:  python3-rpm-macros-3-45.el8.noarch
DEBUG util.py:537:  ansible-srpm-macros-1-12.el8.noarch
DEBUG util.py:537:  qt5-srpm-macros-5.15.3-1.el8.noarch
DEBUG util.py:537:  openblas-srpm-macros-2-2.el8.noarch
DEBUG util.py:537:  go-srpm-macros-2-17.el8.noarch
DEBUG util.py:537:  tzdata-2026c-1.el8_10.noarch
DEBUG util.py:537:  pkgconf-m4-1.4.2-1.el8.noarch
DEBUG util.py:537:  pcre2-10.32-3.el8_6.x86_64
DEBUG util.py:537:  glibc-all-langpacks-2.28-251.el8_10.40.x86_64
DEBUG util.py:537:  glibc-gconv-extra-2.28-251.el8_10.40.x86_64
DEBUG util.py:537:  glibc-2.28-251.el8_10.40.x86_64
DEBUG util.py:537:  libsepol-2.9-3.el8.x86_64
DEBUG util.py:537:  info-6.5-7.el8.x86_64
DEBUG util.py:537:  xz-libs-5.2.4-4.el8_6.x86_64
DEBUG util.py:537:  libacl-2.4.0-1.el8_10.x86_64
DEBUG util.py:537:  libxcrypt-4.1.1-6.el8.x86_64
DEBUG util.py:537:  elfutils-libelf-0.190-2.el8.alma.1.x86_64
DEBUG util.py:537:  readline-7.0-10.el8.x86_64
DEBUG util.py:537:  libcap-2.48-6.el8_10.1.x86_64
DEBUG util.py:537:  sed-4.5-5.el8_10.x86_64
DEBUG util.py:537:  libuuid-2.32.1-48.el8_10.x86_64
DEBUG util.py:537:  libunistring-0.9.9-3.el8.x86_64
DEBUG util.py:537:  libgpg-error-1.31-1.el8.x86_64
DEBUG util.py:537:  p11-kit-0.23.22-2.el8.x86_64
DEBUG util.py:537:  libmpc-1.1.0-9.1.el8.x86_64
DEBUG util.py:537:  libattr-2.6.0-1.el8_10.x86_64
DEBUG util.py:537:  libgcrypt-1.8.5-8.el8_10.x86_64
DEBUG util.py:537:  findutils-4.6.0-24.el8_10.x86_64
DEBUG util.py:537:  elfutils-libs-0.190-2.el8.alma.1.x86_64
DEBUG util.py:537:  gdbm-libs-1.18-2.el8.x86_64
DEBUG util.py:537:  libcap-ng-0.7.11-1.el8.x86_64
DEBUG util.py:537:  libtasn1-4.13-6.el8_10.x86_64
DEBUG util.py:537:  lz4-libs-1.8.3-5.el8_10.x86_64
DEBUG util.py:537:  grep-3.1-6.el8.x86_64
DEBUG util.py:537:  libsemanage-2.9-12.el8_10.x86_64
DEBUG util.py:537:  elfutils-0.190-2.el8.alma.1.x86_64
DEBUG util.py:537:  patch-2.7.6-11.el8.x86_64
DEBUG util.py:537:  libpsl-0.20.2-6.el8.x86_64
DEBUG util.py:537:  libksba-1.3.5-9.el8_7.x86_64
DEBUG util.py:537:  libstdc++-devel-8.5.0-28.el8_10.alma.1.x86_64
DEBUG util.py:537:  tar-1.30-11.el8_10.x86_64
DEBUG util.py:537:  gnutls-3.6.16-8.el8_10.6.x86_64
DEBUG util.py:537:  libxml2-2.9.7-21.el8_10.6.x86_64
DEBUG util.py:537:  coreutils-common-8.30-20.el8_10.x86_64
DEBUG util.py:537:  libgomp-8.5.0-28.el8_10.alma.1.x86_64
DEBUG util.py:537:  cpio-2.12-11.el8.x86_64
DEBUG util.py:537:  libpkgconf-1.4.2-1.el8.x86_64
DEBUG util.py:537:  pkgconf-pkg-config-1.4.2-1.el8.x86_64
DEBUG util.py:537:  gawk-4.2.1-4.el8.x86_64
DEBUG util.py:537:  libtool-ltdl-2.4.6-25.el8.x86_64
DEBUG util.py:537:  ncurses-6.1-10.20180224.el8.x86_64
DEBUG util.py:537:  coreutils-8.30-20.el8_10.x86_64
DEBUG util.py:537:  libdb-5.3.28-42.el8_4.x86_64
DEBUG util.py:537:  libtirpc-1.1.4-12.el8_10.x86_64
DEBUG util.py:537:  libmount-2.32.1-48.el8_10.x86_64
DEBUG util.py:537:  libnsl2-1.2.0-2.20180605git4a062cf.el8.x86_64
DEBUG util.py:537:  platform-python-3.6.8-78.el8_10.alma.1.x86_64
DEBUG util.py:537:  binutils-2.30-128.el8_10.x86_64
DEBUG util.py:537:  cracklib-2.9.6-15.el8.x86_64
DEBUG util.py:537:  shadow-utils-4.6-23.el8_10.x86_64
DEBUG util.py:537:  tpm2-tss-2.3.2-6.el8.x86_64
DEBUG util.py:537:  libpwquality-1.4.4-6.el8.x86_64
DEBUG util.py:537:  libusbx-1.0.30-1.el8_10.x86_64
DEBUG util.py:537:  libbabeltrace-1.5.4-4.el8.x86_64
DEBUG util.py:537:  cyrus-sasl-lib-2.1.27-6.el8_5.x86_64
DEBUG util.py:537:  libdb-utils-5.3.28-42.el8_4.x86_64
DEBUG util.py:537:  npth-1.5-4.el8.x86_64
DEBUG util.py:537:  libatomic_ops-7.6.2-3.el8.x86_64
DEBUG util.py:537:  guile-2.0.14-7.el8.x86_64
DEBUG util.py:537:  libssh-config-0.9.6-16.el8_10.noarch
DEBUG util.py:537:  libcurl-7.61.1-34.el8_10.13.x86_64
DEBUG util.py:537:  rpm-libs-4.14.3-32.el8_10.x86_64
DEBUG util.py:537:  efi-srpm-macros-3-3.el8.noarch
DEBUG util.py:537:  rpm-build-libs-4.14.3-32.el8_10.x86_64
DEBUG util.py:537:  kernel-headers-4.18.0-553.158.1.el8_10.x86_64
DEBUG util.py:537:  glibc-devel-2.28-251.el8_10.40.x86_64
DEBUG util.py:537:  gcc-8.5.0-28.el8_10.alma.1.x86_64
DEBUG util.py:537:  annobin-11.13-2.el8.x86_64
DEBUG util.py:537:  rpm-build-4.14.3-32.el8_10.x86_64
DEBUG util.py:537:  epel-rpm-macros-8-43.noarch
DEBUG util.py:537:  which-2.21-21.el8_10.x86_64
DEBUG util.py:537:  gpg-pubkey-3abb34f8-5ffd890e
DEBUG util.py:537:  gpg-pubkey-2f86d6a1-5cf7cefb
DEBUG util.py:537:  python-srpm-macros-3-45.el8.noarch
DEBUG util.py:537:  python-rpm-macros-3-45.el8.noarch
DEBUG util.py:537:  python3-pip-wheel-9.0.3-24.el8.noarch
DEBUG util.py:537:  setup-2.12.2-9.el8.noarch
DEBUG util.py:537:  basesystem-11-5.el8.noarch
DEBUG util.py:537:  fpc-srpm-macros-1.3-1.el8.noarch
DEBUG util.py:537:  rust-srpm-macros-5-2.el8.noarch
DEBUG util.py:537:  perl-srpm-macros-1-25.el8.noarch
DEBUG util.py:537:  ocaml-srpm-macros-5-4.el8.noarch
DEBUG util.py:537:  ghc-srpm-macros-1.4.2-7.el8.noarch
DEBUG util.py:537:  publicsuffix-list-dafsa-20180723-1.el8.noarch
DEBUG util.py:537:  ncurses-base-6.1-10.20180224.el8.noarch
DEBUG util.py:537:  libselinux-2.9-11.el8_10.x86_64
DEBUG util.py:537:  ncurses-libs-6.1-10.20180224.el8.x86_64
DEBUG util.py:537:  glibc-common-2.28-251.el8_10.40.x86_64
DEBUG util.py:537:  bash-4.4.20-6.el8_10.x86_64
DEBUG util.py:537:  zlib-1.2.11-25.el8.x86_64
DEBUG util.py:537:  bzip2-libs-1.0.6-28.el8_10.x86_64
DEBUG util.py:537:  gmp-6.1.2-11.el8.x86_64
DEBUG util.py:537:  libstdc++-8.5.0-28.el8_10.alma.1.x86_64
DEBUG util.py:537:  libzstd-1.4.4-1.el8.x86_64
DEBUG util.py:537:  mpfr-3.1.6-1.el8.x86_64
DEBUG util.py:537:  sqlite-libs-3.26.0-21.el8_10.x86_64
DEBUG util.py:537:  popt-1.18-1.el8.x86_64
DEBUG util.py:537:  libcom_err-1.45.6-7.el8_10.x86_64
DEBUG util.py:537:  chkconfig-1.19.2-1.el8.x86_64
DEBUG util.py:537:  libffi-3.1-24.el8.x86_64
DEBUG util.py:537:  lua-libs-5.3.4-12.el8.x86_64
DEBUG util.py:537:  libidn2-2.2.0-1.el8.x86_64
DEBUG util.py:537:  file-libs-5.33-27.el8_10.x86_64
DEBUG util.py:537:  file-5.33-27.el8_10.x86_64
DEBUG util.py:537:  unzip-6.0-48.el8_10.x86_64
DEBUG util.py:537:  elfutils-default-yama-scope-0.190-2.el8.alma.1.noarch
DEBUG util.py:537:  expat-2.5.0-2.el8_10.x86_64
DEBUG util.py:537:  keyutils-libs-1.5.10-9.el8.x86_64
DEBUG util.py:537:  audit-libs-3.1.2-1.el8_10.1.x86_64
DEBUG util.py:537:  p11-kit-trust-0.23.22-2.el8.x86_64
DEBUG util.py:537:  pcre-8.42-6.el8.x86_64
DEBUG util.py:537:  xz-5.2.4-4.el8_6.x86_64
DEBUG util.py:537:  gdbm-1.18-2.el8.x86_64
DEBUG util.py:537:  zip-3.0-23.el8.x86_64
DEBUG util.py:537:  cpp-8.5.0-28.el8_10.alma.1.x86_64
DEBUG util.py:537:  libassuan-2.5.1-3.el8.x86_64
DEBUG util.py:537:  dwz-0.12-10.el8.x86_64
DEBUG util.py:537:  zstd-1.4.4-1.el8.x86_64
DEBUG util.py:537:  nettle-3.4.1-7.el8.x86_64
DEBUG util.py:537:  isl-0.16.1-6.el8.x86_64
DEBUG util.py:537:  bzip2-1.0.6-28.el8_10.x86_64
DEBUG util.py:537:  diffutils-3.6-6.el8.x86_64
DEBUG util.py:537:  brotli-1.0.6-4.el8_10.x86_64
DEBUG util.py:537:  libnghttp2-1.33.0-6.el8_10.3.x86_64
DEBUG util.py:537:  pkgconf-1.4.2-1.el8.x86_64
DEBUG util.py:537:  libsigsegv-2.11-5.el8.x86_64
DEBUG util.py:537:  libsmartcols-2.32.1-48.el8_10.x86_64
DEBUG util.py:537:  libverto-0.3.2-2.el8.x86_64
DEBUG util.py:537:  openssl-libs-1.1.1k-17.el8_6.x86_64
DEBUG util.py:537:  ca-certificates-2025.2.80_v9.0.304-80.2.el8_10.noarch
DEBUG util.py:537:  krb5-libs-1.18.2-34.el8_10.x86_64
DEBUG util.py:537:  libblkid-2.32.1-48.el8_10.x86_64
DEBUG util.py:537:  systemd-libs-239-82.el8_10.17.x86_64
DEBUG util.py:537:  platform-python-setuptools-39.2.0-9.el8_10.noarch
DEBUG util.py:537:  python3-libs-3.6.8-78.el8_10.alma.1.x86_64
DEBUG util.py:537:  gzip-1.9-13.el8_5.x86_64
DEBUG util.py:537:  cracklib-dicts-2.9.6-15.el8.x86_64
DEBUG util.py:537:  libutempter-1.1.6-14.el8.x86_64
DEBUG util.py:537:  ima-evm-utils-1.3.2-12.el8.x86_64
DEBUG util.py:537:  pam-1.3.1-40.el8_10.x86_64
DEBUG util.py:537:  glib2-2.56.4-170.el8_10.x86_64
DEBUG util.py:537:  libfdisk-2.32.1-48.el8_10.x86_64
DEBUG util.py:537:  openldap-2.4.46-21.el8_10.x86_64
DEBUG util.py:537:  libarchive-3.3.3-7.el8_10.x86_64
DEBUG util.py:537:  gnupg2-2.2.20-4.el8_10.x86_64
DEBUG util.py:537:  gc-7.6.4-3.el8.x86_64
DEBUG util.py:537:  libipt-1.6.1-8.el8.x86_64
DEBUG util.py:537:  libssh-0.9.6-16.el8_10.x86_64
DEBUG util.py:537:  curl-7.61.1-34.el8_10.13.x86_64
DEBUG util.py:537:  rpm-4.14.3-32.el8_10.x86_64
DEBUG util.py:537:  lua-srpm-macros-1-13.el8.noarch
DEBUG util.py:537:  gdb-headless-8.2-20.el8.x86_64
DEBUG util.py:537:  glibc-headers-2.28-251.el8_10.40.x86_64
DEBUG util.py:537:  libxcrypt-devel-4.1.1-6.el8.x86_64
DEBUG util.py:537:  gcc-plugin-annobin-8.5.0-28.el8_10.alma.1.x86_64
DEBUG util.py:537:  redhat-rpm-config-131-1.el8.alma.noarch
DEBUG util.py:537:  gcc-c++-8.5.0-28.el8_10.alma.1.x86_64
DEBUG util.py:537:  util-linux-2.32.1-48.el8_10.x86_64
DEBUG util.py:537:  make-4.2.1-11.el8.x86_64
DEBUG util.py:688:  Child return code was: 0
DEBUG util.py:200:  kill orphans in chroot /var/lib/mock/alma+epel-8-x86_64/root
DEBUG util.py:200:  kill orphans in chroot /var/lib/mock/alma+epel-8-x86_64-bootstrap/root/var/lib/mock/alma+epel-8-x86_64/root
DEBUG util.py:717:  child environment: None
DEBUG util.py:636:  Executing command: ['/bin/umount', '-n', '-l', '/var/lib/mock/alma+epel-8-x86_64-bootstrap/root/var/lib/mock/alma+epel-8-x86_64/root'] with env {'TERM': 'vt100', 'SHELL': '/bin/sh', 'HOME': '/builddir', 'HOSTNAME': 'mock', 'PATH': '/usr/bin:/bin:/usr/sbin:/sbin', 'LANG': 'C.UTF-8'} and shell False
DEBUG util.py:688:  Child return code was: 0
DEBUG util.py:717:  child environment: None
DEBUG util.py:636:  Executing command: ['/bin/umount', '-n', '-l', '/var/lib/mock/alma+epel-8-x86_64-bootstrap/root/var/lib/mock/alma+epel-8-x86_64/root'] with env {'TERM': 'vt100', 'SHELL': '/bin/sh', 'HOME': '/builddir', 'HOSTNAME': 'mock', 'PATH': '/usr/bin:/bin:/usr/sbin:/sbin', 'LANG': 'C.UTF-8'} and shell False
DEBUG util.py:688:  Child return code was: 0
DEBUG file_util.py:17:  ensuring that dir exists: /var/lib/mock/alma+epel-8-x86_64/root/builddir/build
DEBUG file_util.py:17:  ensuring that dir exists: /var/lib/mock/alma+epel-8-x86_64/root/builddir/build/RPMS
DEBUG file_util.py:20:  created dir: /var/lib/mock/alma+epel-8-x86_64/root/builddir/build/RPMS
DEBUG file_util.py:17:  ensuring that dir exists: /var/lib/mock/alma+epel-8-x86_64/root/builddir/build/SPECS
DEBUG file_util.py:20:  created dir: /var/lib/mock/alma+epel-8-x86_64/root/builddir/build/SPECS
DEBUG file_util.py:17:  ensuring that dir exists: /var/lib/mock/alma+epel-8-x86_64/root/builddir/build/SRPMS
DEBUG file_util.py:20:  created dir: /var/lib/mock/alma+epel-8-x86_64/root/builddir/build/SRPMS
DEBUG file_util.py:17:  ensuring that dir exists: /var/lib/mock/alma+epel-8-x86_64/root/builddir/build/SOURCES
DEBUG file_util.py:17:  ensuring that dir exists: /var/lib/mock/alma+epel-8-x86_64/root/builddir/build/BUILD
DEBUG file_util.py:20:  created dir: /var/lib/mock/alma+epel-8-x86_64/root/builddir/build/BUILD
DEBUG file_util.py:17:  ensuring that dir exists: /var/lib/mock/alma+epel-8-x86_64/root/builddir/build/BUILDROOT
DEBUG file_util.py:20:  created dir: /var/lib/mock/alma+epel-8-x86_64/root/builddir/build/BUILDROOT
DEBUG file_util.py:17:  ensuring that dir exists: /var/lib/mock/alma+epel-8-x86_64/root/builddir/build/originals
DEBUG file_util.py:20:  created dir: /var/lib/mock/alma+epel-8-x86_64/root/builddir/build/originals
DEBUG file_util.py:17:  ensuring that dir exists: /var/lib/mock/alma+epel-8-x86_64/root/builddir
DEBUG util.py:717:  child environment: None
DEBUG util.py:636:  Executing command: ['userdel', '-f', 'mockbuild', '--prefix', '/var/lib/mock/alma+epel-8-x86_64/root'] with env {'TERM': 'vt100', 'SHELL': '/bin/sh', 'HOME': '/builddir', 'HOSTNAME': 'mock', 'PATH': '/usr/bin:/bin:/usr/sbin:/sbin', 'LANG': 'C.UTF-8'} and shell False
DEBUG util.py:688:  Child return code was: 0
DEBUG util.py:717:  child environment: None
DEBUG util.py:636:  Executing command: ['groupdel', 'mock', '--prefix', '/var/lib/mock/alma+epel-8-x86_64/root'] with env {'TERM': 'vt100', 'SHELL': '/bin/sh', 'HOME': '/builddir', 'HOSTNAME': 'mock', 'PATH': '/usr/bin:/bin:/usr/sbin:/sbin', 'LANG': 'C.UTF-8'} and shell False
DEBUG util.py:688:  Child return code was: 0
DEBUG util.py:717:  child environment: None
DEBUG util.py:636:  Executing command: ['groupadd', 'mock', '-g', '135', '--prefix', '/var/lib/mock/alma+epel-8-x86_64/root'] with env {'TERM': 'vt100', 'SHELL': '/bin/sh', 'HOME': '/builddir', 'HOSTNAME': 'mock', 'PATH': '/usr/bin:/bin:/usr/sbin:/sbin', 'LANG': 'C.UTF-8'} and shell False
DEBUG util.py:688:  Child return code was: 0
DEBUG util.py:717:  child environment: None
DEBUG util.py:636:  Executing command: ['useradd', 'mockbuild', '-o', '-u', '0', '-g', '135', '-N', '-d', '/builddir', '--prefix', '/var/lib/mock/alma+epel-8-x86_64/root'] with env {'TERM': 'vt100', 'SHELL': '/bin/sh', 'HOME': '/builddir', 'HOSTNAME': 'mock', 'PATH': '/usr/bin:/bin:/usr/sbin:/sbin', 'LANG': 'C.UTF-8'} and shell False
DEBUG util.py:535:  useradd: warning: the home directory already exists.
DEBUG util.py:535:  Not copying any file from skel directory into it.
DEBUG util.py:535:  Creating mailbox file: File exists
DEBUG util.py:688:  Child return code was: 0
DEBUG file_util.py:29:  touching file: /var/lib/mock/alma+epel-8-x86_64/root/.initialized
DEBUG file_util.py:17:  ensuring that dir exists: /root/mock-localrepo
DEBUG file_util.py:17:  ensuring that dir exists: /var/lib/mock/alma+epel-8-x86_64/root/root/mock-localrepo
DEBUG file_util.py:20:  created dir: /var/lib/mock/alma+epel-8-x86_64/root/root/mock-localrepo
DEBUG file_util.py:17:  ensuring that dir exists: /var/lib/mock/alma+epel-8-x86_64/root/root/mock-localrepo
DEBUG util.py:717:  child environment: None
DEBUG util.py:636:  Executing command: ['/bin/mount', '-n', '-o', 'bind', '/root/mock-localrepo', '/var/lib/mock/alma+epel-8-x86_64/root/root/mock-localrepo'] with env {'TERM': 'vt100', 'SHELL': '/bin/sh', 'HOME': '/builddir', 'HOSTNAME': 'mock', 'PATH': '/usr/bin:/bin:/usr/sbin:/sbin', 'LANG': 'C.UTF-8'} and shell False
DEBUG util.py:688:  Child return code was: 0
DEBUG util.py:717:  child environment: None
DEBUG util.py:631:  Using nspawn with args ['--capability=cap_ipc_lock', '--bind=/dev/mapper/control', '--bind=/dev/fuse', '--bind=/dev/loop-control', '--bind=/dev/loop0', '--bind=/dev/loop1', '--bind=/dev/loop2', '--bind=/dev/loop3', '--bind=/dev/loop4', '--bind=/dev/loop5', '--bind=/dev/loop6', '--bind=/dev/loop7', '--bind=/dev/loop8', '--bind=/dev/loop9', '--bind=/dev/loop10', '--bind=/dev/loop11', '--resolv-conf=off']
DEBUG util.py:636:  Executing command: ['/usr/bin/systemd-nspawn', '-q', '-M', 'f590a2ca68074c9abf43ff52defb7235', '-D', '/var/lib/mock/alma+epel-8-x86_64/root', '-a', '-u', 'mockbuild', '--capability=cap_ipc_lock', '--bind=/dev/mapper/control', '--bind=/dev/fuse', '--bind=/dev/loop-control', '--bind=/dev/loop0', '--bind=/dev/loop1', '--bind=/dev/loop2', '--bind=/dev/loop3', '--bind=/dev/loop4', '--bind=/dev/loop5', '--bind=/dev/loop6', '--bind=/dev/loop7', '--bind=/dev/loop8', '--bind=/dev/loop9', '--bind=/dev/loop10', '--bind=/dev/loop11', '--resolv-conf=off', '--setenv=TERM=vt100', '--setenv=SHELL=/bin/bash', '--setenv=HOME=/builddir', '--setenv=HOSTNAME=mock', '--setenv=PATH=/usr/bin:/bin:/usr/sbin:/sbin', '--setenv=PROMPT_COMMAND=printf "\\033]0;<mock-chroot>\\007"', '--setenv=PS1=<mock-chroot> \\s-\\v\\$ ', '--setenv=LANG=C.UTF-8', '/bin/rpm', '-Uvh', '--nodeps', '/builddir/build/originals/openssl35-3.5.8-1.el8.src.rpm'] with env {'TERM': 'vt100', 'SHELL': '/bin/bash', 'HOME': '/builddir', 'HOSTNAME': 'mock', 'PATH': '/usr/bin:/bin:/usr/sbin:/sbin', 'PROMPT_COMMAND': 'printf "\\033]0;<mock-chroot>\\007"', 'PS1': '<mock-chroot> \\s-\\v\\$ ', 'LANG': 'C.UTF-8', 'SYSTEMD_NSPAWN_TMPFS_TMP': '0', 'SYSTEMD_SECCOMP': '0'} and shell False
DEBUG util.py:537:  Updating / installing...
DEBUG util.py:537:  openssl35-3.5.8-1.el8                 ########################################
DEBUG util.py:688:  Child return code was: 0
DEBUG buildroot.py:723:  removing 3 rpm db files
DEBUG buildroot.py:728:  nuke_rpm_db: removing /var/lib/mock/alma+epel-8-x86_64/root/var/lib/rpm/__db.001
DEBUG buildroot.py:728:  nuke_rpm_db: removing /var/lib/mock/alma+epel-8-x86_64/root/var/lib/rpm/__db.002
DEBUG buildroot.py:728:  nuke_rpm_db: removing /var/lib/mock/alma+epel-8-x86_64/root/var/lib/rpm/__db.003
DEBUG util.py:717:  child environment: None
DEBUG util.py:631:  Using nspawn with args ['--capability=cap_ipc_lock', '--bind=/dev/mapper/control', '--bind=/dev/fuse', '--bind=/dev/loop-control', '--bind=/dev/loop0', '--bind=/dev/loop1', '--bind=/dev/loop2', '--bind=/dev/loop3', '--bind=/dev/loop4', '--bind=/dev/loop5', '--bind=/dev/loop6', '--bind=/dev/loop7', '--bind=/dev/loop8', '--bind=/dev/loop9', '--bind=/dev/loop10', '--bind=/dev/loop11', '--resolv-conf=off']
DEBUG util.py:636:  Executing command: ['/usr/bin/systemd-nspawn', '-q', '-M', 'e4a723535e1f4edd81d96693f7bd340b', '-D', '/var/lib/mock/alma+epel-8-x86_64/root', '-a', '-u', 'mockbuild', '--capability=cap_ipc_lock', '--bind=/dev/mapper/control', '--bind=/dev/fuse', '--bind=/dev/loop-control', '--bind=/dev/loop0', '--bind=/dev/loop1', '--bind=/dev/loop2', '--bind=/dev/loop3', '--bind=/dev/loop4', '--bind=/dev/loop5', '--bind=/dev/loop6', '--bind=/dev/loop7', '--bind=/dev/loop8', '--bind=/dev/loop9', '--bind=/dev/loop10', '--bind=/dev/loop11', '--resolv-conf=off', '--setenv=TERM=vt100', '--setenv=SHELL=/bin/bash', '--setenv=HOME=/builddir', '--setenv=HOSTNAME=mock', '--setenv=PATH=/usr/bin:/bin:/usr/sbin:/sbin', '--setenv=PROMPT_COMMAND=printf "\\033]0;<mock-chroot>\\007"', '--setenv=PS1=<mock-chroot> \\s-\\v\\$ ', '--setenv=LANG=C.UTF-8', '/bin/rpm', '-qpl', '/builddir/build/originals/openssl35-3.5.8-1.el8.src.rpm'] with env {'TERM': 'vt100', 'SHELL': '/bin/bash', 'HOME': '/builddir', 'HOSTNAME': 'mock', 'PATH': '/usr/bin:/bin:/usr/sbin:/sbin', 'PROMPT_COMMAND': 'printf "\\033]0;<mock-chroot>\\007"', 'PS1': '<mock-chroot> \\s-\\v\\$ ', 'LANG': 'C.UTF-8', 'SYSTEMD_NSPAWN_TMPFS_TMP': '0', 'SYSTEMD_SECCOMP': '0'} and shell False
DEBUG util.py:537:  openssl-3.5.8.tar.gz
DEBUG util.py:537:  openssl35.spec
DEBUG util.py:688:  Child return code was: 0
DEBUG buildroot.py:723:  removing 3 rpm db files
DEBUG buildroot.py:728:  nuke_rpm_db: removing /var/lib/mock/alma+epel-8-x86_64/root/var/lib/rpm/__db.001
DEBUG buildroot.py:728:  nuke_rpm_db: removing /var/lib/mock/alma+epel-8-x86_64/root/var/lib/rpm/__db.002
DEBUG buildroot.py:728:  nuke_rpm_db: removing /var/lib/mock/alma+epel-8-x86_64/root/var/lib/rpm/__db.003
DEBUG file_util.py:17:  ensuring that dir exists: /var/lib/mock/alma+epel-8-x86_64-bootstrap/root/var/lib/mock/alma+epel-8-x86_64/root
DEBUG util.py:717:  child environment: None
DEBUG util.py:636:  Executing command: ['/bin/mount', '-n', '-t', 'tmpfs', '-o', 'private,mode=0755', 'tmpfs', '/var/lib/mock/alma+epel-8-x86_64-bootstrap/root/var/lib/mock/alma+epel-8-x86_64/root'] with env {'TERM': 'vt100', 'SHELL': '/bin/sh', 'HOME': '/builddir', 'HOSTNAME': 'mock', 'PATH': '/usr/bin:/bin:/usr/sbin:/sbin', 'LANG': 'C.UTF-8'} and shell False
DEBUG util.py:688:  Child return code was: 0
DEBUG file_util.py:17:  ensuring that dir exists: /var/lib/mock/alma+epel-8-x86_64-bootstrap/root/var/lib/mock/alma+epel-8-x86_64/root
DEBUG util.py:717:  child environment: None
DEBUG util.py:636:  Executing command: ['/bin/mount', '-n', '-o', 'rbind', '/var/lib/mock/alma+epel-8-x86_64/root', '/var/lib/mock/alma+epel-8-x86_64-bootstrap/root/var/lib/mock/alma+epel-8-x86_64/root'] with env {'TERM': 'vt100', 'SHELL': '/bin/sh', 'HOME': '/builddir', 'HOSTNAME': 'mock', 'PATH': '/usr/bin:/bin:/usr/sbin:/sbin', 'LANG': 'C.UTF-8'} and shell False
DEBUG util.py:688:  Child return code was: 0
DEBUG util.py:717:  child environment: None
DEBUG util.py:636:  Executing command: ['/bin/mount', '-n', '-o', 'remount,private,rbind', '--target', '/var/lib/mock/alma+epel-8-x86_64-bootstrap/root/var/lib/mock/alma+epel-8-x86_64/root'] with env {'TERM': 'vt100', 'SHELL': '/bin/sh', 'HOME': '/builddir', 'HOSTNAME': 'mock', 'PATH': '/usr/bin:/bin:/usr/sbin:/sbin', 'LANG': 'C.UTF-8'} and shell False
DEBUG util.py:688:  Child return code was: 0
DEBUG util.py:717:  child environment: None
DEBUG util.py:631:  Using nspawn with args ['--capability=cap_ipc_lock', '--resolv-conf=off']
DEBUG util.py:636:  Executing command: ['/usr/bin/systemd-nspawn', '-q', '-M', 'da0342fe8e954d4dbb0896de28978b71', '-D', '/var/lib/mock/alma+epel-8-x86_64-bootstrap/root', '-a', '--capability=cap_ipc_lock', '--resolv-conf=off', '--setenv=TERM=vt100', '--setenv=SHELL=/bin/bash', '--setenv=HOME=/builddir', '--setenv=HOSTNAME=mock', '--setenv=PATH=/usr/bin:/bin:/usr/sbin:/sbin', '--setenv=PROMPT_COMMAND=printf "\\033]0;<mock-chroot>\\007"', '--setenv=PS1=<mock-chroot> \\s-\\v\\$ ', '--setenv=LANG=C.UTF-8', '/bin/rpm', '-qa', '--root', '/var/lib/mock/alma+epel-8-x86_64/root'] with env {'TERM': 'vt100', 'SHELL': '/bin/bash', 'HOME': '/builddir', 'HOSTNAME': 'mock', 'PATH': '/usr/bin:/bin:/usr/sbin:/sbin', 'PROMPT_COMMAND': 'printf "\\033]0;<mock-chroot>\\007"', 'PS1': '<mock-chroot> \\s-\\v\\$ ', 'LANG': 'C.UTF-8', 'SYSTEMD_NSPAWN_TMPFS_TMP': '0', 'SYSTEMD_SECCOMP': '0'} and shell False
DEBUG util.py:537:  gpg-pubkey-ced7258b-6525146f
DEBUG util.py:537:  libgcc-8.5.0-28.el8_10.alma.1.x86_64
DEBUG util.py:537:  crypto-policies-20230731-1.git3177e06.el8.noarch
DEBUG util.py:537:  python3-setuptools-wheel-39.2.0-9.el8_10.noarch
DEBUG util.py:537:  almalinux-release-8.10-1.el8.x86_64
DEBUG util.py:537:  filesystem-3.8-6.el8.x86_64
DEBUG util.py:537:  python3-rpm-macros-3-45.el8.noarch
DEBUG util.py:537:  ansible-srpm-macros-1-12.el8.noarch
DEBUG util.py:537:  qt5-srpm-macros-5.15.3-1.el8.noarch
DEBUG util.py:537:  openblas-srpm-macros-2-2.el8.noarch
DEBUG util.py:537:  go-srpm-macros-2-17.el8.noarch
DEBUG util.py:537:  tzdata-2026c-1.el8_10.noarch
DEBUG util.py:537:  pkgconf-m4-1.4.2-1.el8.noarch
DEBUG util.py:537:  pcre2-10.32-3.el8_6.x86_64
DEBUG util.py:537:  glibc-all-langpacks-2.28-251.el8_10.40.x86_64
DEBUG util.py:537:  glibc-gconv-extra-2.28-251.el8_10.40.x86_64
DEBUG util.py:537:  glibc-2.28-251.el8_10.40.x86_64
DEBUG util.py:537:  libsepol-2.9-3.el8.x86_64
DEBUG util.py:537:  info-6.5-7.el8.x86_64
DEBUG util.py:537:  xz-libs-5.2.4-4.el8_6.x86_64
DEBUG util.py:537:  libacl-2.4.0-1.el8_10.x86_64
DEBUG util.py:537:  libxcrypt-4.1.1-6.el8.x86_64
DEBUG util.py:537:  elfutils-libelf-0.190-2.el8.alma.1.x86_64
DEBUG util.py:537:  readline-7.0-10.el8.x86_64
DEBUG util.py:537:  libcap-2.48-6.el8_10.1.x86_64
DEBUG util.py:537:  sed-4.5-5.el8_10.x86_64
DEBUG util.py:537:  libuuid-2.32.1-48.el8_10.x86_64
DEBUG util.py:537:  libunistring-0.9.9-3.el8.x86_64
DEBUG util.py:537:  libgpg-error-1.31-1.el8.x86_64
DEBUG util.py:537:  p11-kit-0.23.22-2.el8.x86_64
DEBUG util.py:537:  libmpc-1.1.0-9.1.el8.x86_64
DEBUG util.py:537:  libattr-2.6.0-1.el8_10.x86_64
DEBUG util.py:537:  libgcrypt-1.8.5-8.el8_10.x86_64
DEBUG util.py:537:  findutils-4.6.0-24.el8_10.x86_64
DEBUG util.py:537:  elfutils-libs-0.190-2.el8.alma.1.x86_64
DEBUG util.py:537:  gdbm-libs-1.18-2.el8.x86_64
DEBUG util.py:537:  libcap-ng-0.7.11-1.el8.x86_64
DEBUG util.py:537:  libtasn1-4.13-6.el8_10.x86_64
DEBUG util.py:537:  lz4-libs-1.8.3-5.el8_10.x86_64
DEBUG util.py:537:  grep-3.1-6.el8.x86_64
DEBUG util.py:537:  libsemanage-2.9-12.el8_10.x86_64
DEBUG util.py:537:  elfutils-0.190-2.el8.alma.1.x86_64
DEBUG util.py:537:  patch-2.7.6-11.el8.x86_64
DEBUG util.py:537:  libpsl-0.20.2-6.el8.x86_64
DEBUG util.py:537:  libksba-1.3.5-9.el8_7.x86_64
DEBUG util.py:537:  libstdc++-devel-8.5.0-28.el8_10.alma.1.x86_64
DEBUG util.py:537:  tar-1.30-11.el8_10.x86_64
DEBUG util.py:537:  gnutls-3.6.16-8.el8_10.6.x86_64
DEBUG util.py:537:  libxml2-2.9.7-21.el8_10.6.x86_64
DEBUG util.py:537:  coreutils-common-8.30-20.el8_10.x86_64
DEBUG util.py:537:  libgomp-8.5.0-28.el8_10.alma.1.x86_64
DEBUG util.py:537:  cpio-2.12-11.el8.x86_64
DEBUG util.py:537:  libpkgconf-1.4.2-1.el8.x86_64
DEBUG util.py:537:  pkgconf-pkg-config-1.4.2-1.el8.x86_64
DEBUG util.py:537:  gawk-4.2.1-4.el8.x86_64
DEBUG util.py:537:  libtool-ltdl-2.4.6-25.el8.x86_64
DEBUG util.py:537:  ncurses-6.1-10.20180224.el8.x86_64
DEBUG util.py:537:  coreutils-8.30-20.el8_10.x86_64
DEBUG util.py:537:  libdb-5.3.28-42.el8_4.x86_64
DEBUG util.py:537:  libtirpc-1.1.4-12.el8_10.x86_64
DEBUG util.py:537:  libmount-2.32.1-48.el8_10.x86_64
DEBUG util.py:537:  libnsl2-1.2.0-2.20180605git4a062cf.el8.x86_64
DEBUG util.py:537:  platform-python-3.6.8-78.el8_10.alma.1.x86_64
DEBUG util.py:537:  binutils-2.30-128.el8_10.x86_64
DEBUG util.py:537:  cracklib-2.9.6-15.el8.x86_64
DEBUG util.py:537:  shadow-utils-4.6-23.el8_10.x86_64
DEBUG util.py:537:  tpm2-tss-2.3.2-6.el8.x86_64
DEBUG util.py:537:  libpwquality-1.4.4-6.el8.x86_64
DEBUG util.py:537:  libusbx-1.0.30-1.el8_10.x86_64
DEBUG util.py:537:  libbabeltrace-1.5.4-4.el8.x86_64
DEBUG util.py:537:  cyrus-sasl-lib-2.1.27-6.el8_5.x86_64
DEBUG util.py:537:  libdb-utils-5.3.28-42.el8_4.x86_64
DEBUG util.py:537:  npth-1.5-4.el8.x86_64
DEBUG util.py:537:  libatomic_ops-7.6.2-3.el8.x86_64
DEBUG util.py:537:  guile-2.0.14-7.el8.x86_64
DEBUG util.py:537:  libssh-config-0.9.6-16.el8_10.noarch
DEBUG util.py:537:  libcurl-7.61.1-34.el8_10.13.x86_64
DEBUG util.py:537:  rpm-libs-4.14.3-32.el8_10.x86_64
DEBUG util.py:537:  efi-srpm-macros-3-3.el8.noarch
DEBUG util.py:537:  rpm-build-libs-4.14.3-32.el8_10.x86_64
DEBUG util.py:537:  kernel-headers-4.18.0-553.158.1.el8_10.x86_64
DEBUG util.py:537:  glibc-devel-2.28-251.el8_10.40.x86_64
DEBUG util.py:537:  gcc-8.5.0-28.el8_10.alma.1.x86_64
DEBUG util.py:537:  annobin-11.13-2.el8.x86_64
DEBUG util.py:537:  rpm-build-4.14.3-32.el8_10.x86_64
DEBUG util.py:537:  epel-rpm-macros-8-43.noarch
DEBUG util.py:537:  which-2.21-21.el8_10.x86_64
DEBUG util.py:537:  gpg-pubkey-3abb34f8-5ffd890e
DEBUG util.py:537:  gpg-pubkey-2f86d6a1-5cf7cefb
DEBUG util.py:537:  python-srpm-macros-3-45.el8.noarch
DEBUG util.py:537:  python-rpm-macros-3-45.el8.noarch
DEBUG util.py:537:  python3-pip-wheel-9.0.3-24.el8.noarch
DEBUG util.py:537:  setup-2.12.2-9.el8.noarch
DEBUG util.py:537:  basesystem-11-5.el8.noarch
DEBUG util.py:537:  fpc-srpm-macros-1.3-1.el8.noarch
DEBUG util.py:537:  rust-srpm-macros-5-2.el8.noarch
DEBUG util.py:537:  perl-srpm-macros-1-25.el8.noarch
DEBUG util.py:537:  ocaml-srpm-macros-5-4.el8.noarch
DEBUG util.py:537:  ghc-srpm-macros-1.4.2-7.el8.noarch
DEBUG util.py:537:  publicsuffix-list-dafsa-20180723-1.el8.noarch
DEBUG util.py:537:  ncurses-base-6.1-10.20180224.el8.noarch
DEBUG util.py:537:  libselinux-2.9-11.el8_10.x86_64
DEBUG util.py:537:  ncurses-libs-6.1-10.20180224.el8.x86_64
DEBUG util.py:537:  glibc-common-2.28-251.el8_10.40.x86_64
DEBUG util.py:537:  bash-4.4.20-6.el8_10.x86_64
DEBUG util.py:537:  zlib-1.2.11-25.el8.x86_64
DEBUG util.py:537:  bzip2-libs-1.0.6-28.el8_10.x86_64
DEBUG util.py:537:  gmp-6.1.2-11.el8.x86_64
DEBUG util.py:537:  libstdc++-8.5.0-28.el8_10.alma.1.x86_64
DEBUG util.py:537:  libzstd-1.4.4-1.el8.x86_64
DEBUG util.py:537:  mpfr-3.1.6-1.el8.x86_64
DEBUG util.py:537:  sqlite-libs-3.26.0-21.el8_10.x86_64
DEBUG util.py:537:  popt-1.18-1.el8.x86_64
DEBUG util.py:537:  libcom_err-1.45.6-7.el8_10.x86_64
DEBUG util.py:537:  chkconfig-1.19.2-1.el8.x86_64
DEBUG util.py:537:  libffi-3.1-24.el8.x86_64
DEBUG util.py:537:  lua-libs-5.3.4-12.el8.x86_64
DEBUG util.py:537:  libidn2-2.2.0-1.el8.x86_64
DEBUG util.py:537:  file-libs-5.33-27.el8_10.x86_64
DEBUG util.py:537:  file-5.33-27.el8_10.x86_64
DEBUG util.py:537:  unzip-6.0-48.el8_10.x86_64
DEBUG util.py:537:  elfutils-default-yama-scope-0.190-2.el8.alma.1.noarch
DEBUG util.py:537:  expat-2.5.0-2.el8_10.x86_64
DEBUG util.py:537:  keyutils-libs-1.5.10-9.el8.x86_64
DEBUG util.py:537:  audit-libs-3.1.2-1.el8_10.1.x86_64
DEBUG util.py:537:  p11-kit-trust-0.23.22-2.el8.x86_64
DEBUG util.py:537:  pcre-8.42-6.el8.x86_64
DEBUG util.py:537:  xz-5.2.4-4.el8_6.x86_64
DEBUG util.py:537:  gdbm-1.18-2.el8.x86_64
DEBUG util.py:537:  zip-3.0-23.el8.x86_64
DEBUG util.py:537:  cpp-8.5.0-28.el8_10.alma.1.x86_64
DEBUG util.py:537:  libassuan-2.5.1-3.el8.x86_64
DEBUG util.py:537:  dwz-0.12-10.el8.x86_64
DEBUG util.py:537:  zstd-1.4.4-1.el8.x86_64
DEBUG util.py:537:  nettle-3.4.1-7.el8.x86_64
DEBUG util.py:537:  isl-0.16.1-6.el8.x86_64
DEBUG util.py:537:  bzip2-1.0.6-28.el8_10.x86_64
DEBUG util.py:537:  diffutils-3.6-6.el8.x86_64
DEBUG util.py:537:  brotli-1.0.6-4.el8_10.x86_64
DEBUG util.py:537:  libnghttp2-1.33.0-6.el8_10.3.x86_64
DEBUG util.py:537:  pkgconf-1.4.2-1.el8.x86_64
DEBUG util.py:537:  libsigsegv-2.11-5.el8.x86_64
DEBUG util.py:537:  libsmartcols-2.32.1-48.el8_10.x86_64
DEBUG util.py:537:  libverto-0.3.2-2.el8.x86_64
DEBUG util.py:537:  openssl-libs-1.1.1k-17.el8_6.x86_64
DEBUG util.py:537:  ca-certificates-2025.2.80_v9.0.304-80.2.el8_10.noarch
DEBUG util.py:537:  krb5-libs-1.18.2-34.el8_10.x86_64
DEBUG util.py:537:  libblkid-2.32.1-48.el8_10.x86_64
DEBUG util.py:537:  systemd-libs-239-82.el8_10.17.x86_64
DEBUG util.py:537:  platform-python-setuptools-39.2.0-9.el8_10.noarch
DEBUG util.py:537:  python3-libs-3.6.8-78.el8_10.alma.1.x86_64
DEBUG util.py:537:  gzip-1.9-13.el8_5.x86_64
DEBUG util.py:537:  cracklib-dicts-2.9.6-15.el8.x86_64
DEBUG util.py:537:  libutempter-1.1.6-14.el8.x86_64
DEBUG util.py:537:  ima-evm-utils-1.3.2-12.el8.x86_64
DEBUG util.py:537:  pam-1.3.1-40.el8_10.x86_64
DEBUG util.py:537:  glib2-2.56.4-170.el8_10.x86_64
DEBUG util.py:537:  libfdisk-2.32.1-48.el8_10.x86_64
DEBUG util.py:537:  openldap-2.4.46-21.el8_10.x86_64
DEBUG util.py:537:  libarchive-3.3.3-7.el8_10.x86_64
DEBUG util.py:537:  gnupg2-2.2.20-4.el8_10.x86_64
DEBUG util.py:537:  gc-7.6.4-3.el8.x86_64
DEBUG util.py:537:  libipt-1.6.1-8.el8.x86_64
DEBUG util.py:537:  libssh-0.9.6-16.el8_10.x86_64
DEBUG util.py:537:  curl-7.61.1-34.el8_10.13.x86_64
DEBUG util.py:537:  rpm-4.14.3-32.el8_10.x86_64
DEBUG util.py:537:  lua-srpm-macros-1-13.el8.noarch
DEBUG util.py:537:  gdb-headless-8.2-20.el8.x86_64
DEBUG util.py:537:  glibc-headers-2.28-251.el8_10.40.x86_64
DEBUG util.py:537:  libxcrypt-devel-4.1.1-6.el8.x86_64
DEBUG util.py:537:  gcc-plugin-annobin-8.5.0-28.el8_10.alma.1.x86_64
DEBUG util.py:537:  redhat-rpm-config-131-1.el8.alma.noarch
DEBUG util.py:537:  gcc-c++-8.5.0-28.el8_10.alma.1.x86_64
DEBUG util.py:537:  util-linux-2.32.1-48.el8_10.x86_64
DEBUG util.py:537:  make-4.2.1-11.el8.x86_64
DEBUG util.py:688:  Child return code was: 0
DEBUG util.py:200:  kill orphans in chroot /var/lib/mock/alma+epel-8-x86_64/root
DEBUG util.py:200:  kill orphans in chroot /var/lib/mock/alma+epel-8-x86_64-bootstrap/root/var/lib/mock/alma+epel-8-x86_64/root
DEBUG util.py:717:  child environment: None
DEBUG util.py:636:  Executing command: ['/bin/umount', '-n', '-l', '/var/lib/mock/alma+epel-8-x86_64-bootstrap/root/var/lib/mock/alma+epel-8-x86_64/root'] with env {'TERM': 'vt100', 'SHELL': '/bin/sh', 'HOME': '/builddir', 'HOSTNAME': 'mock', 'PATH': '/usr/bin:/bin:/usr/sbin:/sbin', 'LANG': 'C.UTF-8'} and shell False
DEBUG util.py:688:  Child return code was: 0
DEBUG util.py:717:  child environment: None
DEBUG util.py:636:  Executing command: ['/bin/umount', '-n', '-l', '/var/lib/mock/alma+epel-8-x86_64-bootstrap/root/var/lib/mock/alma+epel-8-x86_64/root'] with env {'TERM': 'vt100', 'SHELL': '/bin/sh', 'HOME': '/builddir', 'HOSTNAME': 'mock', 'PATH': '/usr/bin:/bin:/usr/sbin:/sbin', 'LANG': 'C.UTF-8'} and shell False
DEBUG util.py:688:  Child return code was: 0
DEBUG util.py:717:  child environment: None
DEBUG util.py:631:  Using nspawn with args ['--capability=cap_ipc_lock', '--bind=/dev/mapper/control', '--bind=/dev/fuse', '--bind=/dev/loop-control', '--bind=/dev/loop0', '--bind=/dev/loop1', '--bind=/dev/loop2', '--bind=/dev/loop3', '--bind=/dev/loop4', '--bind=/dev/loop5', '--bind=/dev/loop6', '--bind=/dev/loop7', '--bind=/dev/loop8', '--bind=/dev/loop9', '--bind=/dev/loop10', '--bind=/dev/loop11', '--resolv-conf=off']
DEBUG util.py:636:  Executing command: ['/usr/bin/systemd-nspawn', '-q', '-M', 'bf1c8388f65043c39f6cca8c6da35bfd', '-D', '/var/lib/mock/alma+epel-8-x86_64/root', '-a', '--capability=cap_ipc_lock', '--bind=/dev/mapper/control', '--bind=/dev/fuse', '--bind=/dev/loop-control', '--bind=/dev/loop0', '--bind=/dev/loop1', '--bind=/dev/loop2', '--bind=/dev/loop3', '--bind=/dev/loop4', '--bind=/dev/loop5', '--bind=/dev/loop6', '--bind=/dev/loop7', '--bind=/dev/loop8', '--bind=/dev/loop9', '--bind=/dev/loop10', '--bind=/dev/loop11', '--resolv-conf=off', '--setenv=TERM=vt100', '--setenv=SHELL=/bin/bash', '--setenv=HOME=/builddir', '--setenv=HOSTNAME=mock', '--setenv=PATH=/usr/bin:/bin:/usr/sbin:/sbin', '--setenv=PROMPT_COMMAND=printf "\\033]0;<mock-chroot>\\007"', '--setenv=PS1=<mock-chroot> \\s-\\v\\$ ', '--setenv=LANG=C.UTF-8', '/bin/sh', '-c', 'rpmbuild --help'] with env {'TERM': 'vt100', 'SHELL': '/bin/bash', 'HOME': '/builddir', 'HOSTNAME': 'mock', 'PATH': '/usr/bin:/bin:/usr/sbin:/sbin', 'PROMPT_COMMAND': 'printf "\\033]0;<mock-chroot>\\007"', 'PS1': '<mock-chroot> \\s-\\v\\$ ', 'LANG': 'C.UTF-8', 'SYSTEMD_NSPAWN_TMPFS_TMP': '0', 'SYSTEMD_SECCOMP': '0'} and shell False
DEBUG util.py:537:  Usage: rpmbuild [OPTION...]
DEBUG util.py:537:  Build options with [ <specfile> | <tarball> | <source package> ]:
DEBUG util.py:537:        -bp                        build through %prep (unpack sources and apply
DEBUG util.py:537:                                   patches) from <specfile>
DEBUG util.py:537:        -bc                        build through %build (%prep, then compile)
DEBUG util.py:537:                                   from <specfile>
DEBUG util.py:537:        -bi                        build through %install (%prep, %build, then
DEBUG util.py:537:                                   install) from <specfile>
DEBUG util.py:537:        -bl                        verify %files section from <specfile>
DEBUG util.py:537:        -ba                        build source and binary packages from
DEBUG util.py:537:                                   <specfile>
DEBUG util.py:537:        -bb                        build binary package only from <specfile>
DEBUG util.py:537:        -bs                        build source package only from <specfile>
DEBUG util.py:537:        -rp                        build through %prep (unpack sources and apply
DEBUG util.py:537:                                   patches) from <source package>
DEBUG util.py:537:        -rc                        build through %build (%prep, then compile)
DEBUG util.py:537:                                   from <source package>
DEBUG util.py:537:        -ri                        build through %install (%prep, %build, then
DEBUG util.py:537:                                   install) from <source package>
DEBUG util.py:537:        -rl                        verify %files section from <source package>
DEBUG util.py:537:        -ra                        build source and binary packages from <source
DEBUG util.py:537:                                   package>
DEBUG util.py:537:        -rb                        build binary package only from <source
DEBUG util.py:537:                                   package>
DEBUG util.py:537:        -rs                        build source package only from <source
DEBUG util.py:537:                                   package>
DEBUG util.py:537:        -tp                        build through %prep (unpack sources and apply
DEBUG util.py:537:                                   patches) from <tarball>
DEBUG util.py:537:        -tc                        build through %build (%prep, then compile)
DEBUG util.py:537:                                   from <tarball>
DEBUG util.py:537:        -ti                        build through %install (%prep, %build, then
DEBUG util.py:537:                                   install) from <tarball>
DEBUG util.py:537:        -ta                        build source and binary packages from
DEBUG util.py:537:                                   <tarball>
DEBUG util.py:537:        -tb                        build binary package only from <tarball>
DEBUG util.py:537:        -ts                        build source package only from <tarball>
DEBUG util.py:537:        --rebuild                  build binary package from <source package>
DEBUG util.py:537:        --recompile                build through %install (%prep, %build, then
DEBUG util.py:537:                                   install) from <source package>
DEBUG util.py:537:        --buildroot=DIRECTORY      override build root
DEBUG util.py:537:        --build-in-place           run build in current directory
DEBUG util.py:537:        --clean                    remove build tree when done
DEBUG util.py:537:        --nobuild                  do not execute any stages of the build
DEBUG util.py:537:        --nodeps                   do not verify build dependencies
DEBUG util.py:537:        --nodirtokens              generate package header(s) compatible with
DEBUG util.py:537:                                   (legacy) rpm v3 packaging
DEBUG util.py:537:        --noclean                  do not execute %clean stage of the build
DEBUG util.py:537:        --noprep                   do not execute %prep stage of the build
DEBUG util.py:537:        --nocheck                  do not execute %check stage of the build
DEBUG util.py:537:        --rmsource                 remove sources when done
DEBUG util.py:537:        --rmspec                   remove specfile when done
DEBUG util.py:537:        --short-circuit            skip straight to specified stage (only for
DEBUG util.py:537:                                   c,i)
DEBUG util.py:537:        --target=CPU-VENDOR-OS     override target platform
DEBUG util.py:537:  Common options for all rpm modes and executables:
DEBUG util.py:537:    -D, --define='MACRO EXPR'      define MACRO with value EXPR
DEBUG util.py:537:        --undefine=MACRO           undefine MACRO
DEBUG util.py:537:    -E, --eval='EXPR'              print macro expansion of EXPR
DEBUG util.py:537:        --target=CPU-VENDOR-OS     Specify target platform
DEBUG util.py:537:        --macros=<FILE:...>        read <FILE:...> instead of default file(s)
DEBUG util.py:537:        --noplugins                don't enable any plugins
DEBUG util.py:537:        --nodigest                 don't verify package digest(s)
DEBUG util.py:537:        --nosignature              don't verify package signature(s)
DEBUG util.py:537:        --rcfile=<FILE:...>        read <FILE:...> instead of default file(s)
DEBUG util.py:537:    -r, --root=ROOT                use ROOT as top level directory (default: "/")
DEBUG util.py:537:        --dbpath=DIRECTORY         use database in DIRECTORY
DEBUG util.py:537:        --querytags                display known query tags
DEBUG util.py:537:        --showrc                   display final rpmrc and macro configuration
DEBUG util.py:537:        --quiet                    provide less detailed output
DEBUG util.py:537:    -v, --verbose                  provide more detailed output
DEBUG util.py:537:        --version                  print the version of rpm being used
DEBUG util.py:537:  Options implemented via popt alias/exec:
DEBUG util.py:537:        --with=<option>            enable configure <option> for build
DEBUG util.py:537:        --without=<option>         disable configure <option> for build
DEBUG util.py:537:        --buildpolicy=<policy>     set buildroot <policy> (e.g. compress man
DEBUG util.py:537:                                   pages)
DEBUG util.py:537:        --sign                     generate GPG signature (deprecated, use
DEBUG util.py:537:                                   command rpmsign instead)
DEBUG util.py:537:        --nodebuginfo              do not generate debuginfo for this package
DEBUG util.py:537:  Help options:
DEBUG util.py:537:    -?, --help                     Show this help message
DEBUG util.py:537:        --usage                    Display brief usage message
DEBUG util.py:688:  Child return code was: 0
DEBUG util.py:717:  child environment: None
DEBUG file_util.py:17:  ensuring that dir exists: /var/lib/mock/alma+epel-8-x86_64/root/proc
DEBUG util.py:717:  child environment: None
DEBUG util.py:636:  Executing command: ['/bin/mount', '-n', '-t', 'tmpfs', '-o', 'rprivate,mode=0755', 'tmpfs', '/var/lib/mock/alma+epel-8-x86_64/root/proc'] with env {'TERM': 'vt100', 'SHELL': '/bin/sh', 'HOME': '/builddir', 'HOSTNAME': 'mock', 'PATH': '/usr/bin:/bin:/usr/sbin:/sbin', 'LANG': 'C.UTF-8'} and shell False
DEBUG util.py:688:  Child return code was: 0
DEBUG file_util.py:17:  ensuring that dir exists: /var/lib/mock/alma+epel-8-x86_64/root/proc
DEBUG util.py:717:  child environment: None
DEBUG util.py:636:  Executing command: ['/bin/mount', '-n', '-o', 'rbind', '/proc', '/var/lib/mock/alma+epel-8-x86_64/root/proc'] with env {'TERM': 'vt100', 'SHELL': '/bin/sh', 'HOME': '/builddir', 'HOSTNAME': 'mock', 'PATH': '/usr/bin:/bin:/usr/sbin:/sbin', 'LANG': 'C.UTF-8'} and shell False
DEBUG util.py:688:  Child return code was: 0
DEBUG util.py:717:  child environment: None
DEBUG util.py:636:  Executing command: ['/bin/mount', '-n', '-o', 'remount,nodev,noexec,nosuid,readonly,rprivate,rbind', '--target', '/var/lib/mock/alma+epel-8-x86_64/root/proc'] with env {'TERM': 'vt100', 'SHELL': '/bin/sh', 'HOME': '/builddir', 'HOSTNAME': 'mock', 'PATH': '/usr/bin:/bin:/usr/sbin:/sbin', 'LANG': 'C.UTF-8'} and shell False
DEBUG util.py:688:  Child return code was: 0
DEBUG file_util.py:17:  ensuring that dir exists: /var/lib/mock/alma+epel-8-x86_64/root/sys
DEBUG util.py:717:  child environment: None
DEBUG util.py:636:  Executing command: ['/bin/mount', '-n', '-t', 'tmpfs', '-o', 'rprivate,mode=0755', 'tmpfs', '/var/lib/mock/alma+epel-8-x86_64/root/sys'] with env {'TERM': 'vt100', 'SHELL': '/bin/sh', 'HOME': '/builddir', 'HOSTNAME': 'mock', 'PATH': '/usr/bin:/bin:/usr/sbin:/sbin', 'LANG': 'C.UTF-8'} and shell False
DEBUG util.py:688:  Child return code was: 0
DEBUG file_util.py:17:  ensuring that dir exists: /var/lib/mock/alma+epel-8-x86_64/root/sys
DEBUG util.py:717:  child environment: None
DEBUG util.py:636:  Executing command: ['/bin/mount', '-n', '-o', 'rbind', '/sys', '/var/lib/mock/alma+epel-8-x86_64/root/sys'] with env {'TERM': 'vt100', 'SHELL': '/bin/sh', 'HOME': '/builddir', 'HOSTNAME': 'mock', 'PATH': '/usr/bin:/bin:/usr/sbin:/sbin', 'LANG': 'C.UTF-8'} and shell False
DEBUG util.py:688:  Child return code was: 0
DEBUG util.py:717:  child environment: None
DEBUG util.py:636:  Executing command: ['/bin/mount', '-n', '-o', 'remount,nodev,noexec,nosuid,readonly,rprivate,rbind', '--target', '/var/lib/mock/alma+epel-8-x86_64/root/sys'] with env {'TERM': 'vt100', 'SHELL': '/bin/sh', 'HOME': '/builddir', 'HOSTNAME': 'mock', 'PATH': '/usr/bin:/bin:/usr/sbin:/sbin', 'LANG': 'C.UTF-8'} and shell False
DEBUG util.py:688:  Child return code was: 0
DEBUG file_util.py:17:  ensuring that dir exists: /var/lib/mock/alma+epel-8-x86_64/root/dev/shm
DEBUG util.py:717:  child environment: None
DEBUG util.py:636:  Executing command: ['/bin/mount', '-n', '-t', 'tmpfs', 'tmpfs', '/var/lib/mock/alma+epel-8-x86_64/root/dev/shm'] with env {'TERM': 'vt100', 'SHELL': '/bin/sh', 'HOME': '/builddir', 'HOSTNAME': 'mock', 'PATH': '/usr/bin:/bin:/usr/sbin:/sbin', 'LANG': 'C.UTF-8'} and shell False
DEBUG util.py:688:  Child return code was: 0
DEBUG file_util.py:17:  ensuring that dir exists: /var/lib/mock/alma+epel-8-x86_64/root/dev/pts
DEBUG util.py:717:  child environment: None
DEBUG util.py:636:  Executing command: ['/bin/mount', '-n', '-t', 'devpts', '-o', 'gid=5,mode=0620,ptmxmode=0666,newinstance', 'devpts', '/var/lib/mock/alma+epel-8-x86_64/root/dev/pts'] with env {'TERM': 'vt100', 'SHELL': '/bin/sh', 'HOME': '/builddir', 'HOSTNAME': 'mock', 'PATH': '/usr/bin:/bin:/usr/sbin:/sbin', 'LANG': 'C.UTF-8'} and shell False
DEBUG util.py:688:  Child return code was: 0
DEBUG util.py:717:  child environment: None
DEBUG util.py:636:  Executing command: ['/bin/mount', '-n', '-o', 'bind', '/tmp/mock-selinux-plugin.u5qhx6v7', '/var/lib/mock/alma+epel-8-x86_64/root/proc/filesystems'] with env {'TERM': 'vt100', 'SHELL': '/bin/sh', 'HOME': '/builddir', 'HOSTNAME': 'mock', 'PATH': '/usr/bin:/bin:/usr/sbin:/sbin', 'LANG': 'C.UTF-8'} and shell False
DEBUG util.py:688:  Child return code was: 0
DEBUG file_util.py:17:  ensuring that dir exists: /var/lib/mock/alma+epel-8-x86_64/root/sys/fs/selinux
DEBUG util.py:717:  child environment: None
DEBUG util.py:636:  Executing command: ['/bin/mount', '-n', '-t', 'tmpfs', 'tmpfs', '/var/lib/mock/alma+epel-8-x86_64/root/sys/fs/selinux'] with env {'TERM': 'vt100', 'SHELL': '/bin/sh', 'HOME': '/builddir', 'HOSTNAME': 'mock', 'PATH': '/usr/bin:/bin:/usr/sbin:/sbin', 'LANG': 'C.UTF-8'} and shell False
DEBUG util.py:688:  Child return code was: 0
DEBUG file_util.py:17:  ensuring that dir exists: /var/lib/mock/alma+epel-8-x86_64-bootstrap/root/var/lib/mock/alma+epel-8-x86_64/root
DEBUG util.py:717:  child environment: None
DEBUG util.py:636:  Executing command: ['/bin/mount', '-n', '-t', 'tmpfs', '-o', 'private,mode=0755', 'tmpfs', '/var/lib/mock/alma+epel-8-x86_64-bootstrap/root/var/lib/mock/alma+epel-8-x86_64/root'] with env {'TERM': 'vt100', 'SHELL': '/bin/sh', 'HOME': '/builddir', 'HOSTNAME': 'mock', 'PATH': '/usr/bin:/bin:/usr/sbin:/sbin', 'LANG': 'C.UTF-8'} and shell False
DEBUG util.py:688:  Child return code was: 0
DEBUG file_util.py:17:  ensuring that dir exists: /var/lib/mock/alma+epel-8-x86_64-bootstrap/root/var/lib/mock/alma+epel-8-x86_64/root
DEBUG util.py:717:  child environment: None
DEBUG util.py:636:  Executing command: ['/bin/mount', '-n', '-o', 'rbind', '/var/lib/mock/alma+epel-8-x86_64/root', '/var/lib/mock/alma+epel-8-x86_64-bootstrap/root/var/lib/mock/alma+epel-8-x86_64/root'] with env {'TERM': 'vt100', 'SHELL': '/bin/sh', 'HOME': '/builddir', 'HOSTNAME': 'mock', 'PATH': '/usr/bin:/bin:/usr/sbin:/sbin', 'LANG': 'C.UTF-8'} and shell False
DEBUG util.py:688:  Child return code was: 0
DEBUG util.py:717:  child environment: None
DEBUG util.py:636:  Executing command: ['/bin/mount', '-n', '-o', 'remount,private,rbind', '--target', '/var/lib/mock/alma+epel-8-x86_64-bootstrap/root/var/lib/mock/alma+epel-8-x86_64/root'] with env {'TERM': 'vt100', 'SHELL': '/bin/sh', 'HOME': '/builddir', 'HOSTNAME': 'mock', 'PATH': '/usr/bin:/bin:/usr/sbin:/sbin', 'LANG': 'C.UTF-8'} and shell False
DEBUG util.py:688:  Child return code was: 0
DEBUG file_util.py:17:  ensuring that dir exists: /var/lib/mock/alma+epel-8-x86_64/root/installation-homedir
DEBUG package_manager.py:296:  ['/usr/bin/dnf-3', 'builddep', '--installroot', '/var/lib/mock/alma+epel-8-x86_64/root/', '--releasever', '8', '--setopt=deltarpm=False', '--setopt=allow_vendor_change=yes', '--allowerasing', '--disableplugin=local', '--disableplugin=spacewalk', '--disableplugin=versionlock', '/var/lib/mock/alma+epel-8-x86_64/root//builddir/build/SRPMS/openssl35-3.5.8-1.el8.src.rpm']
DEBUG util.py:717:  child environment: None
DEBUG util.py:631:  Using nspawn with args ['--capability=cap_ipc_lock', '--resolv-conf=off']
DEBUG util.py:636:  Executing command: ['/usr/bin/systemd-nspawn', '-q', '-M', 'fcb5969f52dc4f1785e397b2c3bcba73', '-D', '/var/lib/mock/alma+epel-8-x86_64-bootstrap/root', '-a', '--capability=cap_ipc_lock', '--resolv-conf=off', '--setenv=TERM=vt100', '--setenv=SHELL=/bin/bash', '--setenv=HOME=/var/lib/mock/alma+epel-8-x86_64/root/installation-homedir', '--setenv=HOSTNAME=mock', '--setenv=PATH=/usr/bin:/bin:/usr/sbin:/sbin', '--setenv=PROMPT_COMMAND=printf "\\033]0;<mock-chroot>\\007"', '--setenv=PS1=<mock-chroot> \\s-\\v\\$ ', '--setenv=LANG=C.UTF-8', '--setenv=LC_MESSAGES=C.UTF-8', '/usr/bin/dnf-3', 'builddep', '--installroot', '/var/lib/mock/alma+epel-8-x86_64/root/', '--releasever', '8', '--setopt=deltarpm=False', '--setopt=allow_vendor_change=yes', '--allowerasing', '--disableplugin=local', '--disableplugin=spacewalk', '--disableplugin=versionlock', '/var/lib/mock/alma+epel-8-x86_64/root//builddir/build/SRPMS/openssl35-3.5.8-1.el8.src.rpm', '--setopt=tsflags=nocontexts'] with env {'TERM': 'vt100', 'SHELL': '/bin/bash', 'HOME': '/var/lib/mock/alma+epel-8-x86_64/root/installation-homedir', 'HOSTNAME': 'mock', 'PATH': '/usr/bin:/bin:/usr/sbin:/sbin', 'PROMPT_COMMAND': 'printf "\\033]0;<mock-chroot>\\007"', 'PS1': '<mock-chroot> \\s-\\v\\$ ', 'LANG': 'C.UTF-8', 'LC_MESSAGES': 'C.UTF-8', 'SYSTEMD_NSPAWN_TMPFS_TMP': '0', 'SYSTEMD_SECCOMP': '0'} and shell False
DEBUG util.py:535:  No matches found for the following disable plugin patterns: local, spacewalk, versionlock
DEBUG util.py:537:  AlmaLinux 8 - BaseOS                                                                                                                                         4.0 kB/s | 3.8 kB     00:00    
DEBUG util.py:537:  AlmaLinux 8 - AppStream                                                                                                                                      5.3 kB/s | 4.3 kB     00:00    
DEBUG util.py:537:  AlmaLinux 8 - PowerTools                                                                                                                                     4.9 kB/s | 4.2 kB     00:00    
DEBUG util.py:537:  AlmaLinux 8 - Extras                                                                                                                                         3.5 kB/s | 3.3 kB     00:00    
DEBUG util.py:537:  Extra Packages for Enterprise Linux 8 - x86_64                                                                                                                12 kB/s | 9.8 kB     00:00    
DEBUG util.py:537:  mock-localrepo                                                                                                                                               2.9 MB/s | 3.0 kB     00:00    
DEBUG util.py:537:  Package gcc-8.5.0-28.el8_10.alma.1.x86_64 is already installed.
DEBUG util.py:537:  Package make-1:4.2.1-11.el8.x86_64 is already installed.
DEBUG util.py:537:  Dependencies resolved.
DEBUG util.py:537:  =============================================================================================================================================================================================
DEBUG util.py:537:   Package                                              Architecture                   Version                                                         Repository                         Size
DEBUG util.py:537:  =============================================================================================================================================================================================
DEBUG util.py:537:  Installing:
DEBUG util.py:537:   perl                                                 x86_64                         4:5.26.3-423.el8_10                                             appstream                          72 k
DEBUG util.py:537:   zlib-devel                                           x86_64                         1.2.11-25.el8                                                   baseos                             57 k
DEBUG util.py:537:  Installing dependencies:
DEBUG util.py:537:   groff-base                                           x86_64                         1.22.3-18.el8                                                   baseos                            1.0 M
DEBUG util.py:537:   openssl                                              x86_64                         1:1.1.1k-17.el8_6                                               baseos                            711 k
DEBUG util.py:537:   perl-Algorithm-Diff                                  noarch                         1.1903-9.el8                                                    baseos                             51 k
DEBUG util.py:537:   perl-Archive-Tar                                     noarch                         2.30-3.el8_10                                                   baseos                             79 k
DEBUG util.py:537:   perl-Archive-Zip                                     noarch                         1.60-3.el8                                                      appstream                         108 k
DEBUG util.py:537:   perl-Attribute-Handlers                              noarch                         0.99-423.el8_10                                                 appstream                          88 k
DEBUG util.py:537:   perl-B-Debug                                         noarch                         1.26-2.el8                                                      appstream                          26 k
DEBUG util.py:537:   perl-CPAN                                            noarch                         2.18-402.el8_10                                                 appstream                         574 k
DEBUG util.py:537:   perl-CPAN-Meta                                       noarch                         2.150010-396.el8                                                appstream                         191 k
DEBUG util.py:537:   perl-CPAN-Meta-Requirements                          noarch                         2.140-396.el8                                                   appstream                          37 k
DEBUG util.py:537:   perl-CPAN-Meta-YAML                                  noarch                         0.018-397.el8                                                   appstream                          33 k
DEBUG util.py:537:   perl-Carp                                            noarch                         1.42-396.el8                                                    baseos                             30 k
DEBUG util.py:537:   perl-Compress-Bzip2                                  x86_64                         2.26-6.el8                                                      appstream                          72 k
DEBUG util.py:537:   perl-Compress-Raw-Bzip2                              x86_64                         2.081-1.el8                                                     baseos                             40 k
DEBUG util.py:537:   perl-Compress-Raw-Zlib                               x86_64                         2.081-1.el8                                                     baseos                             68 k
DEBUG util.py:537:   perl-Config-Perl-V                                   noarch                         0.30-1.el8                                                      appstream                          22 k
DEBUG util.py:537:   perl-DB_File                                         x86_64                         1.842-1.el8                                                     appstream                          83 k
DEBUG util.py:537:   perl-Data-Dumper                                     x86_64                         2.167-399.el8                                                   baseos                             58 k
DEBUG util.py:537:   perl-Data-OptList                                    noarch                         0.110-6.el8                                                     appstream                          31 k
DEBUG util.py:537:   perl-Data-Section                                    noarch                         0.200007-3.el8                                                  appstream                          30 k
DEBUG util.py:537:   perl-Devel-PPPort                                    x86_64                         3.36-5.el8                                                      appstream                         118 k
DEBUG util.py:537:   perl-Devel-Peek                                      x86_64                         1.26-423.el8_10                                                 appstream                          93 k
DEBUG util.py:537:   perl-Devel-SelfStubber                               noarch                         1.06-423.el8_10                                                 appstream                          75 k
DEBUG util.py:537:   perl-Devel-Size                                      x86_64                         0.81-2.el8                                                      appstream                          34 k
DEBUG util.py:537:   perl-Digest                                          noarch                         1.17-395.el8                                                    baseos                             27 k
DEBUG util.py:537:   perl-Digest-MD5                                      x86_64                         2.55-396.el8                                                    baseos                             37 k
DEBUG util.py:537:   perl-Digest-SHA                                      x86_64                         1:6.02-1.el8                                                    appstream                          66 k
DEBUG util.py:537:   perl-Encode                                          x86_64                         4:2.97-3.el8                                                    baseos                            1.5 M
DEBUG util.py:537:   perl-Encode-devel                                    x86_64                         4:2.97-3.el8                                                    appstream                          38 k
DEBUG util.py:537:   perl-Env                                             noarch                         1.04-395.el8                                                    appstream                          21 k
DEBUG util.py:537:   perl-Errno                                           x86_64                         1.28-423.el8_10                                                 baseos                             76 k
DEBUG util.py:537:   perl-Exporter                                        noarch                         5.72-396.el8                                                    baseos                             34 k
DEBUG util.py:537:   perl-ExtUtils-CBuilder                               noarch                         1:0.280230-2.el8                                                appstream                          48 k
DEBUG util.py:537:   perl-ExtUtils-Command                                noarch                         1:7.34-1.el8                                                    appstream                          19 k
DEBUG util.py:537:   perl-ExtUtils-Embed                                  noarch                         1.34-423.el8_10                                                 appstream                          79 k
DEBUG util.py:537:   perl-ExtUtils-Install                                noarch                         2.14-4.el8                                                      appstream                          46 k
DEBUG util.py:537:   perl-ExtUtils-MM-Utils                               noarch                         1:7.34-1.el8                                                    appstream                          16 k
DEBUG util.py:537:   perl-ExtUtils-MakeMaker                              noarch                         1:7.34-1.el8                                                    appstream                         300 k
DEBUG util.py:537:   perl-ExtUtils-Manifest                               noarch                         1.70-395.el8                                                    appstream                          36 k
DEBUG util.py:537:   perl-ExtUtils-Miniperl                               noarch                         1.06-423.el8_10                                                 appstream                          76 k
DEBUG util.py:537:   perl-ExtUtils-ParseXS                                noarch                         1:3.35-2.el8                                                    appstream                          83 k
DEBUG util.py:537:   perl-File-Fetch                                      noarch                         0.56-2.el8                                                      appstream                          33 k
DEBUG util.py:537:   perl-File-HomeDir                                    noarch                         1.002-4.el8                                                     appstream                          61 k
DEBUG util.py:537:   perl-File-Path                                       noarch                         2.15-2.el8                                                      baseos                             38 k
DEBUG util.py:537:   perl-File-Temp                                       noarch                         0.230.600-1.el8                                                 baseos                             62 k
DEBUG util.py:537:   perl-File-Which                                      noarch                         1.22-2.el8                                                      appstream                          23 k
DEBUG util.py:537:   perl-Filter                                          x86_64                         2:1.58-2.el8                                                    appstream                          82 k
DEBUG util.py:537:   perl-Filter-Simple                                   noarch                         0.94-2.el8                                                      appstream                          29 k
DEBUG util.py:537:   perl-Getopt-Long                                     noarch                         1:2.50-4.el8                                                    baseos                             63 k
DEBUG util.py:537:   perl-HTTP-Tiny                                       noarch                         0.074-3.el8                                                     baseos                             58 k
DEBUG util.py:537:   perl-IO                                              x86_64                         1.38-423.el8_10                                                 baseos                            141 k
DEBUG util.py:537:   perl-IO-Compress                                     noarch                         2.081-2.el8_10                                                  baseos                            257 k
DEBUG util.py:537:   perl-IO-Socket-IP                                    noarch                         0.39-5.el8                                                      baseos                             47 k
DEBUG util.py:537:   perl-IO-Socket-SSL                                   noarch                         2.066-4.module_el8.6.0+2811+fe6c84b0                            appstream                         297 k
DEBUG util.py:537:   perl-IO-Zlib                                         noarch                         1:1.10-423.el8_10                                               baseos                             80 k
DEBUG util.py:537:   perl-IPC-Cmd                                         noarch                         2:1.02-1.el8                                                    appstream                          43 k
DEBUG util.py:537:   perl-IPC-SysV                                        x86_64                         2.07-397.el8                                                    appstream                          43 k
DEBUG util.py:537:   perl-IPC-System-Simple                               noarch                         1.25-17.el8                                                     appstream                          43 k
DEBUG util.py:537:   perl-JSON-PP                                         noarch                         1:2.97.001-3.el8                                                appstream                          68 k
DEBUG util.py:537:   perl-Locale-Codes                                    noarch                         3.57-1.el8                                                      appstream                         311 k
DEBUG util.py:537:   perl-Locale-Maketext                                 noarch                         1.28-396.el8                                                    appstream                          99 k
DEBUG util.py:537:   perl-Locale-Maketext-Simple                          noarch                         1:0.21-423.el8_10                                               appstream                          78 k
DEBUG util.py:537:   perl-MIME-Base64                                     x86_64                         3.15-396.el8                                                    baseos                             30 k
DEBUG util.py:537:   perl-MRO-Compat                                      noarch                         0.13-4.el8                                                      appstream                          24 k
DEBUG util.py:537:   perl-Math-BigInt                                     noarch                         1:1.9998.11-7.el8                                               baseos                            195 k
DEBUG util.py:537:   perl-Math-BigInt-FastCalc                            x86_64                         0.500.600-6.el8                                                 appstream                          27 k
DEBUG util.py:537:   perl-Math-BigRat                                     noarch                         0.2614-1.el8                                                    appstream                          40 k
DEBUG util.py:537:   perl-Math-Complex                                    noarch                         1.59-423.el8_10                                                 baseos                            108 k
DEBUG util.py:537:   perl-Memoize                                         noarch                         1.03-423.el8_10                                                 appstream                         118 k
DEBUG util.py:537:   perl-Module-Build                                    noarch                         2:0.42.24-5.el8                                                 appstream                         273 k
DEBUG util.py:537:   perl-Module-CoreList                                 noarch                         1:5.20181130-1.el8                                              appstream                          87 k
DEBUG util.py:537:   perl-Module-CoreList-tools                           noarch                         1:5.20181130-1.el8                                              appstream                          22 k
DEBUG util.py:537:   perl-Module-Load                                     noarch                         1:0.32-395.el8                                                  appstream                          18 k
DEBUG util.py:537:   perl-Module-Load-Conditional                         noarch                         0.68-395.el8                                                    appstream                          24 k
DEBUG util.py:537:   perl-Module-Loaded                                   noarch                         1:0.08-423.el8_10                                               appstream                          74 k
DEBUG util.py:537:   perl-Module-Metadata                                 noarch                         1.000033-395.el8                                                appstream                          44 k
DEBUG util.py:537:   perl-Mozilla-CA                                      noarch                         20160104-7.module_el8.5.0+2812+ed912d05                         appstream                          14 k
DEBUG util.py:537:   perl-Net-Ping                                        noarch                         2.55-423.el8_10                                                 appstream                         101 k
DEBUG util.py:537:   perl-Net-SSLeay                                      x86_64                         1.88-2.module_el8.6.0+2811+fe6c84b0                             appstream                         378 k
DEBUG util.py:537:   perl-Package-Generator                               noarch                         1.106-11.el8                                                    appstream                          27 k
DEBUG util.py:537:   perl-Params-Check                                    noarch                         1:0.38-395.el8                                                  appstream                          23 k
DEBUG util.py:537:   perl-Params-Util                                     x86_64                         1.07-22.el8                                                     appstream                          44 k
DEBUG util.py:537:   perl-PathTools                                       x86_64                         3.74-1.el8                                                      baseos                             90 k
DEBUG util.py:537:   perl-Perl-OSType                                     noarch                         1.010-396.el8                                                   appstream                          29 k
DEBUG util.py:537:   perl-PerlIO-via-QuotedPrint                          noarch                         0.08-395.el8                                                    appstream                          13 k
DEBUG util.py:537:   perl-Pod-Checker                                     noarch                         4:1.73-395.el8                                                  appstream                          33 k
DEBUG util.py:537:   perl-Pod-Escapes                                     noarch                         1:1.07-395.el8                                                  baseos                             20 k
DEBUG util.py:537:   perl-Pod-Html                                        noarch                         1.22.02-423.el8_10                                              appstream                          87 k
DEBUG util.py:537:   perl-Pod-Parser                                      noarch                         1.63-396.el8                                                    appstream                         108 k
DEBUG util.py:537:   perl-Pod-Perldoc                                     noarch                         3.28-396.el8                                                    baseos                             86 k
DEBUG util.py:537:   perl-Pod-Simple                                      noarch                         1:3.35-395.el8                                                  baseos                            213 k
DEBUG util.py:537:   perl-Pod-Usage                                       noarch                         4:1.69-395.el8                                                  baseos                             34 k
DEBUG util.py:537:   perl-Scalar-List-Utils                               x86_64                         3:1.49-2.el8                                                    baseos                             68 k
DEBUG util.py:537:   perl-SelfLoader                                      noarch                         1.23-423.el8_10                                                 appstream                          82 k
DEBUG util.py:537:   perl-Socket                                          x86_64                         4:2.027-3.el8                                                   baseos                             59 k
DEBUG util.py:537:   perl-Software-License                                noarch                         0.103013-2.el8                                                  appstream                         138 k
DEBUG util.py:537:   perl-Storable                                        x86_64                         1:3.11-3.el8                                                    baseos                             98 k
DEBUG util.py:537:   perl-Sub-Exporter                                    noarch                         0.987-15.el8                                                    appstream                          73 k
DEBUG util.py:537:   perl-Sub-Install                                     noarch                         0.928-14.el8                                                    appstream                          27 k
DEBUG util.py:537:   perl-Sys-Syslog                                      x86_64                         0.35-397.el8                                                    appstream                          50 k
DEBUG util.py:537:   perl-Term-ANSIColor                                  noarch                         4.06-396.el8                                                    baseos                             46 k
DEBUG util.py:537:   perl-Term-Cap                                        noarch                         1.17-395.el8                                                    baseos                             23 k
DEBUG util.py:537:   perl-Test                                            noarch                         1.30-423.el8_10                                                 appstream                          89 k
DEBUG util.py:537:   perl-Test-Harness                                    noarch                         1:3.42-1.el8                                                    appstream                         279 k
DEBUG util.py:537:   perl-Test-Simple                                     noarch                         1:1.302135-1.el8                                                appstream                         516 k
DEBUG util.py:537:   perl-Text-Balanced                                   noarch                         2.03-395.el8                                                    appstream                          58 k
DEBUG util.py:537:   perl-Text-Diff                                       noarch                         1.45-2.el8                                                      baseos                             45 k
DEBUG util.py:537:   perl-Text-Glob                                       noarch                         0.11-4.el8                                                      appstream                          17 k
DEBUG util.py:537:   perl-Text-ParseWords                                 noarch                         3.30-395.el8                                                    baseos                             18 k
DEBUG util.py:537:   perl-Text-Tabs+Wrap                                  noarch                         2013.0523-395.el8                                               baseos                             24 k
DEBUG util.py:537:   perl-Text-Template                                   noarch                         1.51-1.el8                                                      appstream                          64 k
DEBUG util.py:537:   perl-Thread-Queue                                    noarch                         3.13-1.el8                                                      appstream                          24 k
DEBUG util.py:537:   perl-Time-HiRes                                      x86_64                         4:1.9758-2.el8                                                  appstream                          60 k
DEBUG util.py:537:   perl-Time-Local                                      noarch                         1:1.280-1.el8                                                   baseos                             33 k
DEBUG util.py:537:   perl-Time-Piece                                      x86_64                         1.31-423.el8_10                                                 appstream                          98 k
DEBUG util.py:537:   perl-URI                                             noarch                         1.73-3.el8                                                      baseos                            116 k
DEBUG util.py:537:   perl-Unicode-Collate                                 x86_64                         1.25-2.el8                                                      appstream                         685 k
DEBUG util.py:537:   perl-Unicode-Normalize                               x86_64                         1.25-396.el8                                                    baseos                             82 k
DEBUG util.py:537:   perl-autodie                                         noarch                         2.29-396.el8                                                    appstream                          98 k
DEBUG util.py:537:   perl-bignum                                          noarch                         0.49-2.el8                                                      appstream                          43 k
DEBUG util.py:537:   perl-constant                                        noarch                         1.33-396.el8                                                    baseos                             25 k
DEBUG util.py:537:   perl-devel                                           x86_64                         4:5.26.3-423.el8_10                                             appstream                         599 k
DEBUG util.py:537:   perl-encoding                                        x86_64                         4:2.22-3.el8                                                    appstream                          68 k
DEBUG util.py:537:   perl-experimental                                    noarch                         0.019-2.el8                                                     appstream                          23 k
DEBUG util.py:537:   perl-inc-latest                                      noarch                         2:0.500-9.el8                                                   appstream                          25 k
DEBUG util.py:537:   perl-interpreter                                     x86_64                         4:5.26.3-423.el8_10                                             baseos                            6.3 M
DEBUG util.py:537:   perl-libnet                                          noarch                         3.11-3.el8                                                      baseos                            121 k
DEBUG util.py:537:   perl-libnetcfg                                       noarch                         4:5.26.3-423.el8_10                                             appstream                          77 k
DEBUG util.py:537:   perl-libs                                            x86_64                         4:5.26.3-423.el8_10                                             baseos                            1.6 M
DEBUG util.py:537:   perl-local-lib                                       noarch                         2.000024-2.el8                                                  appstream                          74 k
DEBUG util.py:537:   perl-macros                                          x86_64                         4:5.26.3-423.el8_10                                             baseos                             72 k
DEBUG util.py:537:   perl-open                                            noarch                         1.11-423.el8_10                                                 appstream                          77 k
DEBUG util.py:537:   perl-parent                                          noarch                         1:0.237-1.el8                                                   baseos                             20 k
DEBUG util.py:537:   perl-perlfaq                                         noarch                         5.20180605-1.el8                                                appstream                         386 k
DEBUG util.py:537:   perl-podlators                                       noarch                         4.11-1.el8                                                      baseos                            118 k
DEBUG util.py:537:   perl-threads                                         x86_64                         1:2.21-2.el8                                                    baseos                             61 k
DEBUG util.py:537:   perl-threads-shared                                  x86_64                         1.58-2.el8                                                      baseos                             47 k
DEBUG util.py:537:   perl-utils                                           noarch                         5.26.3-423.el8_10                                               appstream                         128 k
DEBUG util.py:537:   perl-version                                         x86_64                         6:0.99.24-1.el8                                                 appstream                          67 k
DEBUG util.py:537:   python3-pyparsing                                    noarch                         2.1.10-7.el8                                                    baseos                            142 k
DEBUG util.py:537:   systemtap-sdt-devel                                  x86_64                         4.9-3.el8                                                       appstream                          87 k
DEBUG util.py:537:  Enabling module streams:
DEBUG util.py:537:   perl                                                                                5.26                                                                                                   
DEBUG util.py:537:   perl-IO-Socket-SSL                                                                  2.066                                                                                                  
DEBUG util.py:537:   perl-libwww-perl                                                                    6.34                                                                                                   
DEBUG util.py:537:  Transaction Summary
DEBUG util.py:537:  =============================================================================================================================================================================================
DEBUG util.py:537:  Install  143 Packages
DEBUG util.py:537:  Total size: 23 M
DEBUG util.py:537:  Installed size: 67 M
DEBUG util.py:537:  Downloading Packages:
DEBUG util.py:537:  [SKIPPED] groff-base-1.22.3-18.el8.x86_64.rpm: Already downloaded                                                                                                                           
DEBUG util.py:537:  [SKIPPED] openssl-1.1.1k-17.el8_6.x86_64.rpm: Already downloaded                                                                                                                            
DEBUG util.py:537:  [SKIPPED] perl-Algorithm-Diff-1.1903-9.el8.noarch.rpm: Already downloaded                                                                                                                   
DEBUG util.py:537:  [SKIPPED] perl-Archive-Tar-2.30-3.el8_10.noarch.rpm: Already downloaded                                                                                                                     
DEBUG util.py:537:  [SKIPPED] perl-Carp-1.42-396.el8.noarch.rpm: Already downloaded                                                                                                                             
DEBUG util.py:537:  [SKIPPED] perl-Compress-Raw-Bzip2-2.081-1.el8.x86_64.rpm: Already downloaded                                                                                                                
DEBUG util.py:537:  [SKIPPED] perl-Compress-Raw-Zlib-2.081-1.el8.x86_64.rpm: Already downloaded                                                                                                                 
DEBUG util.py:537:  [SKIPPED] perl-Data-Dumper-2.167-399.el8.x86_64.rpm: Already downloaded                                                                                                                     
DEBUG util.py:537:  [SKIPPED] perl-Digest-1.17-395.el8.noarch.rpm: Already downloaded                                                                                                                           
DEBUG util.py:537:  [SKIPPED] perl-Digest-MD5-2.55-396.el8.x86_64.rpm: Already downloaded                                                                                                                       
DEBUG util.py:537:  [SKIPPED] perl-Encode-2.97-3.el8.x86_64.rpm: Already downloaded                                                                                                                             
DEBUG util.py:537:  [SKIPPED] perl-Errno-1.28-423.el8_10.x86_64.rpm: Already downloaded                                                                                                                         
DEBUG util.py:537:  [SKIPPED] perl-Exporter-5.72-396.el8.noarch.rpm: Already downloaded                                                                                                                         
DEBUG util.py:537:  [SKIPPED] perl-File-Path-2.15-2.el8.noarch.rpm: Already downloaded                                                                                                                          
DEBUG util.py:537:  [SKIPPED] perl-File-Temp-0.230.600-1.el8.noarch.rpm: Already downloaded                                                                                                                     
DEBUG util.py:537:  [SKIPPED] perl-Getopt-Long-2.50-4.el8.noarch.rpm: Already downloaded                                                                                                                        
DEBUG util.py:537:  [SKIPPED] perl-HTTP-Tiny-0.074-3.el8.noarch.rpm: Already downloaded                                                                                                                         
DEBUG util.py:537:  [SKIPPED] perl-IO-1.38-423.el8_10.x86_64.rpm: Already downloaded                                                                                                                            
DEBUG util.py:537:  [SKIPPED] perl-IO-Compress-2.081-2.el8_10.noarch.rpm: Already downloaded                                                                                                                    
DEBUG util.py:537:  [SKIPPED] perl-IO-Socket-IP-0.39-5.el8.noarch.rpm: Already downloaded                                                                                                                       
DEBUG util.py:537:  [SKIPPED] perl-IO-Zlib-1.10-423.el8_10.noarch.rpm: Already downloaded                                                                                                                       
DEBUG util.py:537:  [SKIPPED] perl-MIME-Base64-3.15-396.el8.x86_64.rpm: Already downloaded                                                                                                                      
DEBUG util.py:537:  [SKIPPED] perl-Math-BigInt-1.9998.11-7.el8.noarch.rpm: Already downloaded                                                                                                                   
DEBUG util.py:537:  [SKIPPED] perl-Math-Complex-1.59-423.el8_10.noarch.rpm: Already downloaded                                                                                                                  
DEBUG util.py:537:  [SKIPPED] perl-PathTools-3.74-1.el8.x86_64.rpm: Already downloaded                                                                                                                          
DEBUG util.py:537:  [SKIPPED] perl-Pod-Escapes-1.07-395.el8.noarch.rpm: Already downloaded                                                                                                                      
DEBUG util.py:537:  [SKIPPED] perl-Pod-Perldoc-3.28-396.el8.noarch.rpm: Already downloaded                                                                                                                      
DEBUG util.py:537:  [SKIPPED] perl-Pod-Simple-3.35-395.el8.noarch.rpm: Already downloaded                                                                                                                       
DEBUG util.py:537:  [SKIPPED] perl-Pod-Usage-1.69-395.el8.noarch.rpm: Already downloaded                                                                                                                        
DEBUG util.py:537:  [SKIPPED] perl-Scalar-List-Utils-1.49-2.el8.x86_64.rpm: Already downloaded                                                                                                                  
DEBUG util.py:537:  [SKIPPED] perl-Socket-2.027-3.el8.x86_64.rpm: Already downloaded                                                                                                                            
DEBUG util.py:537:  [SKIPPED] perl-Storable-3.11-3.el8.x86_64.rpm: Already downloaded                                                                                                                           
DEBUG util.py:537:  [SKIPPED] perl-Term-ANSIColor-4.06-396.el8.noarch.rpm: Already downloaded                                                                                                                   
DEBUG util.py:537:  [SKIPPED] perl-Term-Cap-1.17-395.el8.noarch.rpm: Already downloaded                                                                                                                         
DEBUG util.py:537:  [SKIPPED] perl-Text-Diff-1.45-2.el8.noarch.rpm: Already downloaded                                                                                                                          
DEBUG util.py:537:  [SKIPPED] perl-Text-ParseWords-3.30-395.el8.noarch.rpm: Already downloaded                                                                                                                  
DEBUG util.py:537:  [SKIPPED] perl-Text-Tabs+Wrap-2013.0523-395.el8.noarch.rpm: Already downloaded                                                                                                              
DEBUG util.py:537:  [SKIPPED] perl-Time-Local-1.280-1.el8.noarch.rpm: Already downloaded                                                                                                                        
DEBUG util.py:537:  [SKIPPED] perl-URI-1.73-3.el8.noarch.rpm: Already downloaded                                                                                                                                
DEBUG util.py:537:  [SKIPPED] perl-Unicode-Normalize-1.25-396.el8.x86_64.rpm: Already downloaded                                                                                                                
DEBUG util.py:537:  [SKIPPED] perl-constant-1.33-396.el8.noarch.rpm: Already downloaded                                                                                                                         
DEBUG util.py:537:  [SKIPPED] perl-interpreter-5.26.3-423.el8_10.x86_64.rpm: Already downloaded                                                                                                                 
DEBUG util.py:537:  [SKIPPED] perl-libnet-3.11-3.el8.noarch.rpm: Already downloaded                                                                                                                             
DEBUG util.py:537:  [SKIPPED] perl-libs-5.26.3-423.el8_10.x86_64.rpm: Already downloaded                                                                                                                        
DEBUG util.py:537:  [SKIPPED] perl-macros-5.26.3-423.el8_10.x86_64.rpm: Already downloaded                                                                                                                      
DEBUG util.py:537:  [SKIPPED] perl-parent-0.237-1.el8.noarch.rpm: Already downloaded                                                                                                                            
DEBUG util.py:537:  [SKIPPED] perl-podlators-4.11-1.el8.noarch.rpm: Already downloaded                                                                                                                          
DEBUG util.py:537:  [SKIPPED] perl-threads-2.21-2.el8.x86_64.rpm: Already downloaded                                                                                                                            
DEBUG util.py:537:  [SKIPPED] perl-threads-shared-1.58-2.el8.x86_64.rpm: Already downloaded                                                                                                                     
DEBUG util.py:537:  [SKIPPED] python3-pyparsing-2.1.10-7.el8.noarch.rpm: Already downloaded                                                                                                                     
DEBUG util.py:537:  [SKIPPED] zlib-devel-1.2.11-25.el8.x86_64.rpm: Already downloaded                                                                                                                           
DEBUG util.py:537:  [SKIPPED] perl-5.26.3-423.el8_10.x86_64.rpm: Already downloaded                                                                                                                             
DEBUG util.py:537:  [SKIPPED] perl-Archive-Zip-1.60-3.el8.noarch.rpm: Already downloaded                                                                                                                        
DEBUG util.py:537:  [SKIPPED] perl-Attribute-Handlers-0.99-423.el8_10.noarch.rpm: Already downloaded                                                                                                            
DEBUG util.py:537:  [SKIPPED] perl-B-Debug-1.26-2.el8.noarch.rpm: Already downloaded                                                                                                                            
DEBUG util.py:537:  [SKIPPED] perl-CPAN-2.18-402.el8_10.noarch.rpm: Already downloaded                                                                                                                          
DEBUG util.py:537:  [SKIPPED] perl-CPAN-Meta-2.150010-396.el8.noarch.rpm: Already downloaded                                                                                                                    
DEBUG util.py:537:  [SKIPPED] perl-CPAN-Meta-Requirements-2.140-396.el8.noarch.rpm: Already downloaded                                                                                                          
DEBUG util.py:537:  [SKIPPED] perl-CPAN-Meta-YAML-0.018-397.el8.noarch.rpm: Already downloaded                                                                                                                  
DEBUG util.py:537:  [SKIPPED] perl-Compress-Bzip2-2.26-6.el8.x86_64.rpm: Already downloaded                                                                                                                     
DEBUG util.py:537:  [SKIPPED] perl-Config-Perl-V-0.30-1.el8.noarch.rpm: Already downloaded                                                                                                                      
DEBUG util.py:537:  [SKIPPED] perl-DB_File-1.842-1.el8.x86_64.rpm: Already downloaded                                                                                                                           
DEBUG util.py:537:  [SKIPPED] perl-Data-OptList-0.110-6.el8.noarch.rpm: Already downloaded                                                                                                                      
DEBUG util.py:537:  [SKIPPED] perl-Data-Section-0.200007-3.el8.noarch.rpm: Already downloaded                                                                                                                   
DEBUG util.py:537:  [SKIPPED] perl-Devel-PPPort-3.36-5.el8.x86_64.rpm: Already downloaded                                                                                                                       
DEBUG util.py:537:  [SKIPPED] perl-Devel-Peek-1.26-423.el8_10.x86_64.rpm: Already downloaded                                                                                                                    
DEBUG util.py:537:  [SKIPPED] perl-Devel-SelfStubber-1.06-423.el8_10.noarch.rpm: Already downloaded                                                                                                             
DEBUG util.py:537:  [SKIPPED] perl-Devel-Size-0.81-2.el8.x86_64.rpm: Already downloaded                                                                                                                         
DEBUG util.py:537:  [SKIPPED] perl-Digest-SHA-6.02-1.el8.x86_64.rpm: Already downloaded                                                                                                                         
DEBUG util.py:537:  [SKIPPED] perl-Encode-devel-2.97-3.el8.x86_64.rpm: Already downloaded                                                                                                                       
DEBUG util.py:537:  [SKIPPED] perl-Env-1.04-395.el8.noarch.rpm: Already downloaded                                                                                                                              
DEBUG util.py:537:  [SKIPPED] perl-ExtUtils-CBuilder-0.280230-2.el8.noarch.rpm: Already downloaded                                                                                                              
DEBUG util.py:537:  [SKIPPED] perl-ExtUtils-Command-7.34-1.el8.noarch.rpm: Already downloaded                                                                                                                   
DEBUG util.py:537:  [SKIPPED] perl-ExtUtils-Embed-1.34-423.el8_10.noarch.rpm: Already downloaded                                                                                                                
DEBUG util.py:537:  [SKIPPED] perl-ExtUtils-Install-2.14-4.el8.noarch.rpm: Already downloaded                                                                                                                   
DEBUG util.py:537:  [SKIPPED] perl-ExtUtils-MM-Utils-7.34-1.el8.noarch.rpm: Already downloaded                                                                                                                  
DEBUG util.py:537:  [SKIPPED] perl-ExtUtils-MakeMaker-7.34-1.el8.noarch.rpm: Already downloaded                                                                                                                 
DEBUG util.py:537:  [SKIPPED] perl-ExtUtils-Manifest-1.70-395.el8.noarch.rpm: Already downloaded                                                                                                                
DEBUG util.py:537:  [SKIPPED] perl-ExtUtils-Miniperl-1.06-423.el8_10.noarch.rpm: Already downloaded                                                                                                             
DEBUG util.py:537:  [SKIPPED] perl-ExtUtils-ParseXS-3.35-2.el8.noarch.rpm: Already downloaded                                                                                                                   
DEBUG util.py:537:  [SKIPPED] perl-File-Fetch-0.56-2.el8.noarch.rpm: Already downloaded                                                                                                                         
DEBUG util.py:537:  [SKIPPED] perl-File-HomeDir-1.002-4.el8.noarch.rpm: Already downloaded                                                                                                                      
DEBUG util.py:537:  [SKIPPED] perl-File-Which-1.22-2.el8.noarch.rpm: Already downloaded                                                                                                                         
DEBUG util.py:537:  [SKIPPED] perl-Filter-1.58-2.el8.x86_64.rpm: Already downloaded                                                                                                                             
DEBUG util.py:537:  [SKIPPED] perl-Filter-Simple-0.94-2.el8.noarch.rpm: Already downloaded                                                                                                                      
DEBUG util.py:537:  [SKIPPED] perl-IO-Socket-SSL-2.066-4.module_el8.6.0+2811+fe6c84b0.noarch.rpm: Already downloaded                                                                                            
DEBUG util.py:537:  [SKIPPED] perl-IPC-Cmd-1.02-1.el8.noarch.rpm: Already downloaded                                                                                                                            
DEBUG util.py:537:  [SKIPPED] perl-IPC-SysV-2.07-397.el8.x86_64.rpm: Already downloaded                                                                                                                         
DEBUG util.py:537:  [SKIPPED] perl-IPC-System-Simple-1.25-17.el8.noarch.rpm: Already downloaded                                                                                                                 
DEBUG util.py:537:  [SKIPPED] perl-JSON-PP-2.97.001-3.el8.noarch.rpm: Already downloaded                                                                                                                        
DEBUG util.py:537:  [SKIPPED] perl-Locale-Codes-3.57-1.el8.noarch.rpm: Already downloaded                                                                                                                       
DEBUG util.py:537:  [SKIPPED] perl-Locale-Maketext-1.28-396.el8.noarch.rpm: Already downloaded                                                                                                                  
DEBUG util.py:537:  [SKIPPED] perl-Locale-Maketext-Simple-0.21-423.el8_10.noarch.rpm: Already downloaded                                                                                                        
DEBUG util.py:537:  [SKIPPED] perl-MRO-Compat-0.13-4.el8.noarch.rpm: Already downloaded                                                                                                                         
DEBUG util.py:537:  [SKIPPED] perl-Math-BigInt-FastCalc-0.500.600-6.el8.x86_64.rpm: Already downloaded                                                                                                          
DEBUG util.py:537:  [SKIPPED] perl-Math-BigRat-0.2614-1.el8.noarch.rpm: Already downloaded                                                                                                                      
DEBUG util.py:537:  [SKIPPED] perl-Memoize-1.03-423.el8_10.noarch.rpm: Already downloaded                                                                                                                       
DEBUG util.py:537:  [SKIPPED] perl-Module-Build-0.42.24-5.el8.noarch.rpm: Already downloaded                                                                                                                    
DEBUG util.py:537:  [SKIPPED] perl-Module-CoreList-5.20181130-1.el8.noarch.rpm: Already downloaded                                                                                                              
DEBUG util.py:537:  [SKIPPED] perl-Module-CoreList-tools-5.20181130-1.el8.noarch.rpm: Already downloaded                                                                                                        
DEBUG util.py:537:  [SKIPPED] perl-Module-Load-0.32-395.el8.noarch.rpm: Already downloaded                                                                                                                      
DEBUG util.py:537:  [SKIPPED] perl-Module-Load-Conditional-0.68-395.el8.noarch.rpm: Already downloaded                                                                                                          
DEBUG util.py:537:  [SKIPPED] perl-Module-Loaded-0.08-423.el8_10.noarch.rpm: Already downloaded                                                                                                                 
DEBUG util.py:537:  [SKIPPED] perl-Module-Metadata-1.000033-395.el8.noarch.rpm: Already downloaded                                                                                                              
DEBUG util.py:537:  [SKIPPED] perl-Mozilla-CA-20160104-7.module_el8.5.0+2812+ed912d05.noarch.rpm: Already downloaded                                                                                            
DEBUG util.py:537:  [SKIPPED] perl-Net-Ping-2.55-423.el8_10.noarch.rpm: Already downloaded                                                                                                                      
DEBUG util.py:537:  [SKIPPED] perl-Net-SSLeay-1.88-2.module_el8.6.0+2811+fe6c84b0.x86_64.rpm: Already downloaded                                                                                                
DEBUG util.py:537:  [SKIPPED] perl-Package-Generator-1.106-11.el8.noarch.rpm: Already downloaded                                                                                                                
DEBUG util.py:537:  [SKIPPED] perl-Params-Check-0.38-395.el8.noarch.rpm: Already downloaded                                                                                                                     
DEBUG util.py:537:  [SKIPPED] perl-Params-Util-1.07-22.el8.x86_64.rpm: Already downloaded                                                                                                                       
DEBUG util.py:537:  [SKIPPED] perl-Perl-OSType-1.010-396.el8.noarch.rpm: Already downloaded                                                                                                                     
DEBUG util.py:537:  [SKIPPED] perl-PerlIO-via-QuotedPrint-0.08-395.el8.noarch.rpm: Already downloaded                                                                                                           
DEBUG util.py:537:  [SKIPPED] perl-Pod-Checker-1.73-395.el8.noarch.rpm: Already downloaded                                                                                                                      
DEBUG util.py:537:  [SKIPPED] perl-Pod-Html-1.22.02-423.el8_10.noarch.rpm: Already downloaded                                                                                                                   
DEBUG util.py:537:  [SKIPPED] perl-Pod-Parser-1.63-396.el8.noarch.rpm: Already downloaded                                                                                                                       
DEBUG util.py:537:  [SKIPPED] perl-SelfLoader-1.23-423.el8_10.noarch.rpm: Already downloaded                                                                                                                    
DEBUG util.py:537:  [SKIPPED] perl-Software-License-0.103013-2.el8.noarch.rpm: Already downloaded                                                                                                               
DEBUG util.py:537:  [SKIPPED] perl-Sub-Exporter-0.987-15.el8.noarch.rpm: Already downloaded                                                                                                                     
DEBUG util.py:537:  [SKIPPED] perl-Sub-Install-0.928-14.el8.noarch.rpm: Already downloaded                                                                                                                      
DEBUG util.py:537:  [SKIPPED] perl-Sys-Syslog-0.35-397.el8.x86_64.rpm: Already downloaded                                                                                                                       
DEBUG util.py:537:  [SKIPPED] perl-Test-1.30-423.el8_10.noarch.rpm: Already downloaded                                                                                                                          
DEBUG util.py:537:  [SKIPPED] perl-Test-Harness-3.42-1.el8.noarch.rpm: Already downloaded                                                                                                                       
DEBUG util.py:537:  [SKIPPED] perl-Test-Simple-1.302135-1.el8.noarch.rpm: Already downloaded                                                                                                                    
DEBUG util.py:537:  [SKIPPED] perl-Text-Balanced-2.03-395.el8.noarch.rpm: Already downloaded                                                                                                                    
DEBUG util.py:537:  [SKIPPED] perl-Text-Glob-0.11-4.el8.noarch.rpm: Already downloaded                                                                                                                          
DEBUG util.py:537:  [SKIPPED] perl-Text-Template-1.51-1.el8.noarch.rpm: Already downloaded                                                                                                                      
DEBUG util.py:537:  [SKIPPED] perl-Thread-Queue-3.13-1.el8.noarch.rpm: Already downloaded                                                                                                                       
DEBUG util.py:537:  [SKIPPED] perl-Time-HiRes-1.9758-2.el8.x86_64.rpm: Already downloaded                                                                                                                       
DEBUG util.py:537:  [SKIPPED] perl-Time-Piece-1.31-423.el8_10.x86_64.rpm: Already downloaded                                                                                                                    
DEBUG util.py:537:  [SKIPPED] perl-Unicode-Collate-1.25-2.el8.x86_64.rpm: Already downloaded                                                                                                                    
DEBUG util.py:537:  [SKIPPED] perl-autodie-2.29-396.el8.noarch.rpm: Already downloaded                                                                                                                          
DEBUG util.py:537:  [SKIPPED] perl-bignum-0.49-2.el8.noarch.rpm: Already downloaded                                                                                                                             
DEBUG util.py:537:  [SKIPPED] perl-devel-5.26.3-423.el8_10.x86_64.rpm: Already downloaded                                                                                                                       
DEBUG util.py:537:  [SKIPPED] perl-encoding-2.22-3.el8.x86_64.rpm: Already downloaded                                                                                                                           
DEBUG util.py:537:  [SKIPPED] perl-experimental-0.019-2.el8.noarch.rpm: Already downloaded                                                                                                                      
DEBUG util.py:537:  [SKIPPED] perl-inc-latest-0.500-9.el8.noarch.rpm: Already downloaded                                                                                                                        
DEBUG util.py:537:  [SKIPPED] perl-libnetcfg-5.26.3-423.el8_10.noarch.rpm: Already downloaded                                                                                                                   
DEBUG util.py:537:  [SKIPPED] perl-local-lib-2.000024-2.el8.noarch.rpm: Already downloaded                                                                                                                      
DEBUG util.py:537:  [SKIPPED] perl-open-1.11-423.el8_10.noarch.rpm: Already downloaded                                                                                                                          
DEBUG util.py:537:  [SKIPPED] perl-perlfaq-5.20180605-1.el8.noarch.rpm: Already downloaded                                                                                                                      
DEBUG util.py:537:  [SKIPPED] perl-utils-5.26.3-423.el8_10.noarch.rpm: Already downloaded                                                                                                                       
DEBUG util.py:537:  [SKIPPED] perl-version-0.99.24-1.el8.x86_64.rpm: Already downloaded                                                                                                                         
DEBUG util.py:537:  [SKIPPED] systemtap-sdt-devel-4.9-3.el8.x86_64.rpm: Already downloaded                                                                                                                      
DEBUG util.py:537:  Running transaction check
DEBUG util.py:537:  Transaction check succeeded.
DEBUG util.py:537:  Running transaction test
DEBUG util.py:537:  Transaction test succeeded.
DEBUG util.py:537:  Running transaction
DEBUG util.py:537:    Preparing        :                                                                                                                                                                     1/1 
DEBUG util.py:537:    Installing       : python3-pyparsing-2.1.10-7.el8.noarch                                                                                                                             1/143 
DEBUG util.py:537:    Installing       : systemtap-sdt-devel-4.9-3.el8.x86_64                                                                                                                              2/143 
DEBUG util.py:537:    Installing       : openssl-1:1.1.1k-17.el8_6.x86_64                                                                                                                                  3/143 
DEBUG util.py:537:    Installing       : groff-base-1.22.3-18.el8.x86_64                                                                                                                                   4/143 
DEBUG util.py:537:    Installing       : perl-Digest-1.17-395.el8.noarch                                                                                                                                   5/143 
DEBUG util.py:537:    Installing       : perl-Digest-MD5-2.55-396.el8.x86_64                                                                                                                               6/143 
DEBUG util.py:537:    Installing       : perl-Data-Dumper-2.167-399.el8.x86_64                                                                                                                             7/143 
DEBUG util.py:537:    Installing       : perl-libnet-3.11-3.el8.noarch                                                                                                                                     8/143 
DEBUG util.py:537:    Installing       : perl-URI-1.73-3.el8.noarch                                                                                                                                        9/143 
DEBUG util.py:537:    Installing       : perl-Pod-Escapes-1:1.07-395.el8.noarch                                                                                                                           10/143 
DEBUG util.py:537:    Installing       : perl-IO-Socket-IP-0.39-5.el8.noarch                                                                                                                              11/143 
DEBUG util.py:537:    Installing       : perl-Time-Local-1:1.280-1.el8.noarch                                                                                                                             12/143 
DEBUG util.py:537:    Installing       : perl-Mozilla-CA-20160104-7.module_el8.5.0+2812+ed912d05.noarch                                                                                                   13/143 
DEBUG util.py:537:    Installing       : perl-IO-Socket-SSL-2.066-4.module_el8.6.0+2811+fe6c84b0.noarch                                                                                                   14/143 
DEBUG util.py:537:    Installing       : perl-Net-SSLeay-1.88-2.module_el8.6.0+2811+fe6c84b0.x86_64                                                                                                       15/143 
DEBUG util.py:537:    Installing       : perl-Term-ANSIColor-4.06-396.el8.noarch                                                                                                                          16/143 
DEBUG util.py:537:    Installing       : perl-Term-Cap-1.17-395.el8.noarch                                                                                                                                17/143 
DEBUG util.py:537:    Installing       : perl-File-Temp-0.230.600-1.el8.noarch                                                                                                                            18/143 
DEBUG util.py:537:    Installing       : perl-HTTP-Tiny-0.074-3.el8.noarch                                                                                                                                19/143 
DEBUG util.py:537:    Installing       : perl-Pod-Simple-1:3.35-395.el8.noarch                                                                                                                            20/143 
DEBUG util.py:537:    Installing       : perl-podlators-4.11-1.el8.noarch                                                                                                                                 21/143 
DEBUG util.py:537:    Installing       : perl-Pod-Perldoc-3.28-396.el8.noarch                                                                                                                             22/143 
DEBUG util.py:537:    Installing       : perl-Text-ParseWords-3.30-395.el8.noarch                                                                                                                         23/143 
DEBUG util.py:537:    Installing       : perl-Pod-Usage-4:1.69-395.el8.noarch                                                                                                                             24/143 
DEBUG util.py:537:    Installing       : perl-MIME-Base64-3.15-396.el8.x86_64                                                                                                                             25/143 
DEBUG util.py:537:    Installing       : perl-Storable-1:3.11-3.el8.x86_64                                                                                                                                26/143 
DEBUG util.py:537:    Installing       : perl-Getopt-Long-1:2.50-4.el8.noarch                                                                                                                             27/143 
DEBUG util.py:537:    Installing       : perl-Errno-1.28-423.el8_10.x86_64                                                                                                                                28/143 
DEBUG util.py:537:    Installing       : perl-Socket-4:2.027-3.el8.x86_64                                                                                                                                 29/143 
DEBUG util.py:537:    Installing       : perl-Encode-4:2.97-3.el8.x86_64                                                                                                                                  30/143 
DEBUG util.py:537:    Installing       : perl-Carp-1.42-396.el8.noarch                                                                                                                                    31/143 
DEBUG util.py:537:    Installing       : perl-Exporter-5.72-396.el8.noarch                                                                                                                                32/143 
DEBUG util.py:537:    Installing       : perl-libs-4:5.26.3-423.el8_10.x86_64                                                                                                                             33/143 
DEBUG util.py:537:    Installing       : perl-Scalar-List-Utils-3:1.49-2.el8.x86_64                                                                                                                       34/143 
DEBUG util.py:537:    Installing       : perl-parent-1:0.237-1.el8.noarch                                                                                                                                 35/143 
DEBUG util.py:537:    Installing       : perl-macros-4:5.26.3-423.el8_10.x86_64                                                                                                                           36/143 
DEBUG util.py:537:    Installing       : perl-Text-Tabs+Wrap-2013.0523-395.el8.noarch                                                                                                                     37/143 
DEBUG util.py:537:    Installing       : perl-Unicode-Normalize-1.25-396.el8.x86_64                                                                                                                       38/143 
DEBUG util.py:537:    Installing       : perl-File-Path-2.15-2.el8.noarch                                                                                                                                 39/143 
DEBUG util.py:537:    Installing       : perl-IO-1.38-423.el8_10.x86_64                                                                                                                                   40/143 
DEBUG util.py:537:    Installing       : perl-PathTools-3.74-1.el8.x86_64                                                                                                                                 41/143 
DEBUG util.py:537:    Installing       : perl-constant-1.33-396.el8.noarch                                                                                                                                42/143 
DEBUG util.py:537:    Installing       : perl-threads-1:2.21-2.el8.x86_64                                                                                                                                 43/143 
DEBUG util.py:537:    Installing       : perl-threads-shared-1.58-2.el8.x86_64                                                                                                                            44/143 
DEBUG util.py:537:    Installing       : perl-interpreter-4:5.26.3-423.el8_10.x86_64                                                                                                                      45/143 
DEBUG util.py:537:    Installing       : perl-version-6:0.99.24-1.el8.x86_64                                                                                                                              46/143 
DEBUG util.py:537:    Installing       : perl-Time-HiRes-4:1.9758-2.el8.x86_64                                                                                                                            47/143 
DEBUG util.py:537:    Installing       : perl-CPAN-Meta-Requirements-2.140-396.el8.noarch                                                                                                                 48/143 
DEBUG util.py:537:    Installing       : perl-ExtUtils-Manifest-1.70-395.el8.noarch                                                                                                                       49/143 
DEBUG util.py:537:    Installing       : perl-ExtUtils-ParseXS-1:3.35-2.el8.noarch                                                                                                                        50/143 
DEBUG util.py:537:    Installing       : perl-Test-Harness-1:3.42-1.el8.noarch                                                                                                                            51/143 
DEBUG util.py:537:    Installing       : perl-Module-CoreList-1:5.20181130-1.el8.noarch                                                                                                                   52/143 
DEBUG util.py:537:    Installing       : perl-Module-Metadata-1.000033-395.el8.noarch                                                                                                                     53/143 
DEBUG util.py:537:    Installing       : perl-Compress-Raw-Zlib-2.081-1.el8.x86_64                                                                                                                        54/143 
DEBUG util.py:537:    Installing       : perl-Filter-2:1.58-2.el8.x86_64                                                                                                                                  55/143 
DEBUG util.py:537:    Installing       : perl-SelfLoader-1.23-423.el8_10.noarch                                                                                                                           56/143 
DEBUG util.py:537:    Installing       : perl-Module-Load-1:0.32-395.el8.noarch                                                                                                                           57/143 
DEBUG util.py:537:    Installing       : perl-Perl-OSType-1.010-396.el8.noarch                                                                                                                            58/143 
DEBUG util.py:537:    Installing       : perl-Text-Balanced-2.03-395.el8.noarch                                                                                                                           59/143 
DEBUG util.py:537:    Installing       : perl-encoding-4:2.22-3.el8.x86_64                                                                                                                                60/143 
DEBUG util.py:537:    Installing       : perl-Net-Ping-2.55-423.el8_10.noarch                                                                                                                             61/143 
DEBUG util.py:537:    Installing       : perl-Compress-Raw-Bzip2-2.081-1.el8.x86_64                                                                                                                       62/143 
DEBUG util.py:537:    Installing       : perl-IO-Compress-2.081-2.el8_10.noarch                                                                                                                           63/143 
DEBUG util.py:537:    Installing       : perl-IO-Zlib-1:1.10-423.el8_10.noarch                                                                                                                            64/143 
DEBUG util.py:537:    Installing       : perl-Math-Complex-1.59-423.el8_10.noarch                                                                                                                         65/143 
DEBUG util.py:537:    Installing       : perl-Math-BigInt-1:1.9998.11-7.el8.noarch                                                                                                                        66/143 
DEBUG util.py:537:    Installing       : perl-JSON-PP-1:2.97.001-3.el8.noarch                                                                                                                             67/143 
DEBUG util.py:537:    Installing       : perl-Math-BigRat-0.2614-1.el8.noarch                                                                                                                             68/143 
DEBUG util.py:537:    Installing       : perl-CPAN-Meta-YAML-0.018-397.el8.noarch                                                                                                                         69/143 
DEBUG util.py:537:    Installing       : perl-CPAN-Meta-2.150010-396.el8.noarch                                                                                                                           70/143 
DEBUG util.py:537:    Installing       : perl-Digest-SHA-1:6.02-1.el8.x86_64                                                                                                                              71/143 
DEBUG util.py:537:    Installing       : perl-ExtUtils-Command-1:7.34-1.el8.noarch                                                                                                                        72/143 
DEBUG util.py:537:    Installing       : perl-devel-4:5.26.3-423.el8_10.x86_64                                                                                                                            73/143 
DEBUG util.py:537:    Installing       : perl-ExtUtils-Install-2.14-4.el8.noarch                                                                                                                          74/143 
DEBUG util.py:537:    Installing       : perl-ExtUtils-MakeMaker-1:7.34-1.el8.noarch                                                                                                                      75/143 
DEBUG util.py:537:    Installing       : perl-ExtUtils-Embed-1.34-423.el8_10.noarch                                                                                                                       76/143 
DEBUG util.py:537:    Installing       : perl-Locale-Maketext-1.28-396.el8.noarch                                                                                                                         77/143 
DEBUG util.py:537:    Installing       : perl-Locale-Maketext-Simple-1:0.21-423.el8_10.noarch                                                                                                             78/143 
DEBUG util.py:537:    Installing       : perl-Params-Check-1:0.38-395.el8.noarch                                                                                                                          79/143 
DEBUG util.py:537:    Installing       : perl-Module-Load-Conditional-0.68-395.el8.noarch                                                                                                                 80/143 
DEBUG util.py:537:    Installing       : perl-Params-Util-1.07-22.el8.x86_64                                                                                                                              81/143 
DEBUG util.py:537:    Installing       : perl-Pod-Html-1.22.02-423.el8_10.noarch                                                                                                                          82/143 
DEBUG util.py:537:    Installing       : perl-Sub-Install-0.928-14.el8.noarch                                                                                                                             83/143 
DEBUG util.py:537:    Installing       : perl-Data-OptList-0.110-6.el8.noarch                                                                                                                             84/143 
DEBUG util.py:537:    Installing       : perl-ExtUtils-Miniperl-1.06-423.el8_10.noarch                                                                                                                    85/143 
DEBUG util.py:537:    Installing       : perl-libnetcfg-4:5.26.3-423.el8_10.noarch                                                                                                                        86/143 
DEBUG util.py:537:    Installing       : perl-inc-latest-2:0.500-9.el8.noarch                                                                                                                             87/143 
DEBUG util.py:537:    Installing       : perl-Encode-devel-4:2.97-3.el8.x86_64                                                                                                                            88/143 
DEBUG util.py:537:    Installing       : perl-bignum-0.49-2.el8.noarch                                                                                                                                    89/143 
DEBUG util.py:537:    Installing       : perl-Math-BigInt-FastCalc-0.500.600-6.el8.x86_64                                                                                                                 90/143 
DEBUG util.py:537:    Installing       : perl-open-1.11-423.el8_10.noarch                                                                                                                                 91/143 
DEBUG util.py:537:    Installing       : perl-Filter-Simple-0.94-2.el8.noarch                                                                                                                             92/143 
DEBUG util.py:537:    Installing       : perl-Devel-SelfStubber-1.06-423.el8_10.noarch                                                                                                                    93/143 
DEBUG util.py:537:    Installing       : perl-Archive-Zip-1.60-3.el8.noarch                                                                                                                               94/143 
DEBUG util.py:537:    Installing       : perl-Module-CoreList-tools-1:5.20181130-1.el8.noarch                                                                                                             95/143 
DEBUG util.py:537:    Installing       : perl-experimental-0.019-2.el8.noarch                                                                                                                             96/143 
DEBUG util.py:537:    Installing       : perl-Algorithm-Diff-1.1903-9.el8.noarch                                                                                                                          97/143 
DEBUG util.py:537:    Installing       : perl-Text-Diff-1.45-2.el8.noarch                                                                                                                                 98/143 
DEBUG util.py:537:    Installing       : perl-Archive-Tar-2.30-3.el8_10.noarch                                                                                                                            99/143 
DEBUG util.py:537:    Installing       : perl-Attribute-Handlers-0.99-423.el8_10.noarch                                                                                                                  100/143 
DEBUG util.py:537:    Installing       : perl-B-Debug-1.26-2.el8.noarch                                                                                                                                  101/143 
DEBUG util.py:537:    Installing       : perl-Compress-Bzip2-2.26-6.el8.x86_64                                                                                                                           102/143 
DEBUG util.py:537:    Installing       : perl-Config-Perl-V-0.30-1.el8.noarch                                                                                                                            103/143 
DEBUG util.py:537:    Installing       : perl-DB_File-1.842-1.el8.x86_64                                                                                                                                 104/143 
DEBUG util.py:537:    Installing       : perl-Devel-PPPort-3.36-5.el8.x86_64                                                                                                                             105/143 
DEBUG util.py:537:    Installing       : perl-Devel-Size-0.81-2.el8.x86_64                                                                                                                               106/143 
DEBUG util.py:537:    Installing       : perl-Env-1.04-395.el8.noarch                                                                                                                                    107/143 
DEBUG util.py:537:    Installing       : perl-ExtUtils-MM-Utils-1:7.34-1.el8.noarch                                                                                                                      108/143 
DEBUG util.py:537:    Installing       : perl-IPC-Cmd-2:1.02-1.el8.noarch                                                                                                                                109/143 
DEBUG util.py:537:    Installing       : perl-ExtUtils-CBuilder-1:0.280230-2.el8.noarch                                                                                                                  110/143 
DEBUG util.py:537:    Installing       : perl-File-Fetch-0.56-2.el8.noarch                                                                                                                               111/143 
DEBUG util.py:537:    Installing       : perl-IPC-SysV-2.07-397.el8.x86_64                                                                                                                               112/143 
DEBUG util.py:537:    Installing       : perl-IPC-System-Simple-1.25-17.el8.noarch                                                                                                                       113/143 
DEBUG util.py:537:    Installing       : perl-autodie-2.29-396.el8.noarch                                                                                                                                114/143 
DEBUG util.py:537:    Installing       : perl-Locale-Codes-3.57-1.el8.noarch                                                                                                                             115/143 
DEBUG util.py:537:    Installing       : perl-Memoize-1.03-423.el8_10.noarch                                                                                                                             116/143 
DEBUG util.py:537:    Installing       : perl-Module-Loaded-1:0.08-423.el8_10.noarch                                                                                                                     117/143 
DEBUG util.py:537:    Installing       : perl-Package-Generator-1.106-11.el8.noarch                                                                                                                      118/143 
DEBUG util.py:537:    Installing       : perl-Sub-Exporter-0.987-15.el8.noarch                                                                                                                           119/143 
DEBUG util.py:537:    Installing       : perl-Pod-Checker-4:1.73-395.el8.noarch                                                                                                                          120/143 
DEBUG util.py:537:    Installing       : perl-Pod-Parser-1.63-396.el8.noarch                                                                                                                             121/143 
DEBUG util.py:537:    Installing       : perl-Sys-Syslog-0.35-397.el8.x86_64                                                                                                                             122/143 
DEBUG util.py:537:    Installing       : perl-Test-1.30-423.el8_10.noarch                                                                                                                                123/143 
DEBUG util.py:537:    Installing       : perl-Test-Simple-1:1.302135-1.el8.noarch                                                                                                                        124/143 
DEBUG util.py:537:    Installing       : perl-Text-Glob-0.11-4.el8.noarch                                                                                                                                125/143 
DEBUG util.py:537:    Installing       : perl-Text-Template-1.51-1.el8.noarch                                                                                                                            126/143 
DEBUG util.py:537:    Installing       : perl-Time-Piece-1.31-423.el8_10.x86_64                                                                                                                          127/143 
DEBUG util.py:537:    Installing       : perl-Unicode-Collate-1.25-2.el8.x86_64                                                                                                                          128/143 
DEBUG util.py:537:    Installing       : perl-local-lib-2.000024-2.el8.noarch                                                                                                                            129/143 
DEBUG util.py:537:    Installing       : perl-utils-5.26.3-423.el8_10.noarch                                                                                                                             130/143 
DEBUG util.py:537:    Installing       : perl-Thread-Queue-3.13-1.el8.noarch                                                                                                                             131/143 
DEBUG util.py:537:    Installing       : perl-File-Which-1.22-2.el8.noarch                                                                                                                               132/143 
DEBUG util.py:537:    Installing       : perl-File-HomeDir-1.002-4.el8.noarch                                                                                                                            133/143 
DEBUG util.py:537:    Installing       : perl-Devel-Peek-1.26-423.el8_10.x86_64                                                                                                                          134/143 
DEBUG util.py:537:    Installing       : perl-MRO-Compat-0.13-4.el8.noarch                                                                                                                               135/143 
DEBUG util.py:537:    Installing       : perl-Data-Section-0.200007-3.el8.noarch                                                                                                                         136/143 
DEBUG util.py:537:    Installing       : perl-Software-License-0.103013-2.el8.noarch                                                                                                                     137/143 
DEBUG util.py:537:    Installing       : perl-Module-Build-2:0.42.24-5.el8.noarch                                                                                                                        138/143 
DEBUG util.py:537:    Installing       : perl-PerlIO-via-QuotedPrint-0.08-395.el8.noarch                                                                                                                 139/143 
DEBUG util.py:537:    Installing       : perl-perlfaq-5.20180605-1.el8.noarch                                                                                                                            140/143 
DEBUG util.py:537:    Installing       : perl-CPAN-2.18-402.el8_10.noarch                                                                                                                                141/143 
DEBUG util.py:537:    Installing       : perl-4:5.26.3-423.el8_10.x86_64                                                                                                                                 142/143 
DEBUG util.py:537:    Installing       : zlib-devel-1.2.11-25.el8.x86_64                                                                                                                                 143/143 
DEBUG util.py:537:    Running scriptlet: zlib-devel-1.2.11-25.el8.x86_64                                                                                                                                 143/143 
DEBUG util.py:537:    Verifying        : groff-base-1.22.3-18.el8.x86_64                                                                                                                                   1/143 
DEBUG util.py:537:    Verifying        : openssl-1:1.1.1k-17.el8_6.x86_64                                                                                                                                  2/143 
DEBUG util.py:537:    Verifying        : perl-Algorithm-Diff-1.1903-9.el8.noarch                                                                                                                           3/143 
DEBUG util.py:537:    Verifying        : perl-Archive-Tar-2.30-3.el8_10.noarch                                                                                                                             4/143 
DEBUG util.py:537:    Verifying        : perl-Carp-1.42-396.el8.noarch                                                                                                                                     5/143 
DEBUG util.py:537:    Verifying        : perl-Compress-Raw-Bzip2-2.081-1.el8.x86_64                                                                                                                        6/143 
DEBUG util.py:537:    Verifying        : perl-Compress-Raw-Zlib-2.081-1.el8.x86_64                                                                                                                         7/143 
DEBUG util.py:537:    Verifying        : perl-Data-Dumper-2.167-399.el8.x86_64                                                                                                                             8/143 
DEBUG util.py:537:    Verifying        : perl-Digest-1.17-395.el8.noarch                                                                                                                                   9/143 
DEBUG util.py:537:    Verifying        : perl-Digest-MD5-2.55-396.el8.x86_64                                                                                                                              10/143 
DEBUG util.py:537:    Verifying        : perl-Encode-4:2.97-3.el8.x86_64                                                                                                                                  11/143 
DEBUG util.py:537:    Verifying        : perl-Errno-1.28-423.el8_10.x86_64                                                                                                                                12/143 
DEBUG util.py:537:    Verifying        : perl-Exporter-5.72-396.el8.noarch                                                                                                                                13/143 
DEBUG util.py:537:    Verifying        : perl-File-Path-2.15-2.el8.noarch                                                                                                                                 14/143 
DEBUG util.py:537:    Verifying        : perl-File-Temp-0.230.600-1.el8.noarch                                                                                                                            15/143 
DEBUG util.py:537:    Verifying        : perl-Getopt-Long-1:2.50-4.el8.noarch                                                                                                                             16/143 
DEBUG util.py:537:    Verifying        : perl-HTTP-Tiny-0.074-3.el8.noarch                                                                                                                                17/143 
DEBUG util.py:537:    Verifying        : perl-IO-1.38-423.el8_10.x86_64                                                                                                                                   18/143 
DEBUG util.py:537:    Verifying        : perl-IO-Compress-2.081-2.el8_10.noarch                                                                                                                           19/143 
DEBUG util.py:537:    Verifying        : perl-IO-Socket-IP-0.39-5.el8.noarch                                                                                                                              20/143 
DEBUG util.py:537:    Verifying        : perl-IO-Zlib-1:1.10-423.el8_10.noarch                                                                                                                            21/143 
DEBUG util.py:537:    Verifying        : perl-MIME-Base64-3.15-396.el8.x86_64                                                                                                                             22/143 
DEBUG util.py:537:    Verifying        : perl-Math-BigInt-1:1.9998.11-7.el8.noarch                                                                                                                        23/143 
DEBUG util.py:537:    Verifying        : perl-Math-Complex-1.59-423.el8_10.noarch                                                                                                                         24/143 
DEBUG util.py:537:    Verifying        : perl-PathTools-3.74-1.el8.x86_64                                                                                                                                 25/143 
DEBUG util.py:537:    Verifying        : perl-Pod-Escapes-1:1.07-395.el8.noarch                                                                                                                           26/143 
DEBUG util.py:537:    Verifying        : perl-Pod-Perldoc-3.28-396.el8.noarch                                                                                                                             27/143 
DEBUG util.py:537:    Verifying        : perl-Pod-Simple-1:3.35-395.el8.noarch                                                                                                                            28/143 
DEBUG util.py:537:    Verifying        : perl-Pod-Usage-4:1.69-395.el8.noarch                                                                                                                             29/143 
DEBUG util.py:537:    Verifying        : perl-Scalar-List-Utils-3:1.49-2.el8.x86_64                                                                                                                       30/143 
DEBUG util.py:537:    Verifying        : perl-Socket-4:2.027-3.el8.x86_64                                                                                                                                 31/143 
DEBUG util.py:537:    Verifying        : perl-Storable-1:3.11-3.el8.x86_64                                                                                                                                32/143 
DEBUG util.py:537:    Verifying        : perl-Term-ANSIColor-4.06-396.el8.noarch                                                                                                                          33/143 
DEBUG util.py:537:    Verifying        : perl-Term-Cap-1.17-395.el8.noarch                                                                                                                                34/143 
DEBUG util.py:537:    Verifying        : perl-Text-Diff-1.45-2.el8.noarch                                                                                                                                 35/143 
DEBUG util.py:537:    Verifying        : perl-Text-ParseWords-3.30-395.el8.noarch                                                                                                                         36/143 
DEBUG util.py:537:    Verifying        : perl-Text-Tabs+Wrap-2013.0523-395.el8.noarch                                                                                                                     37/143 
DEBUG util.py:537:    Verifying        : perl-Time-Local-1:1.280-1.el8.noarch                                                                                                                             38/143 
DEBUG util.py:537:    Verifying        : perl-URI-1.73-3.el8.noarch                                                                                                                                       39/143 
DEBUG util.py:537:    Verifying        : perl-Unicode-Normalize-1.25-396.el8.x86_64                                                                                                                       40/143 
DEBUG util.py:537:    Verifying        : perl-constant-1.33-396.el8.noarch                                                                                                                                41/143 
DEBUG util.py:537:    Verifying        : perl-interpreter-4:5.26.3-423.el8_10.x86_64                                                                                                                      42/143 
DEBUG util.py:537:    Verifying        : perl-libnet-3.11-3.el8.noarch                                                                                                                                    43/143 
DEBUG util.py:537:    Verifying        : perl-libs-4:5.26.3-423.el8_10.x86_64                                                                                                                             44/143 
DEBUG util.py:537:    Verifying        : perl-macros-4:5.26.3-423.el8_10.x86_64                                                                                                                           45/143 
DEBUG util.py:537:    Verifying        : perl-parent-1:0.237-1.el8.noarch                                                                                                                                 46/143 
DEBUG util.py:537:    Verifying        : perl-podlators-4.11-1.el8.noarch                                                                                                                                 47/143 
DEBUG util.py:537:    Verifying        : perl-threads-1:2.21-2.el8.x86_64                                                                                                                                 48/143 
DEBUG util.py:537:    Verifying        : perl-threads-shared-1.58-2.el8.x86_64                                                                                                                            49/143 
DEBUG util.py:537:    Verifying        : python3-pyparsing-2.1.10-7.el8.noarch                                                                                                                            50/143 
DEBUG util.py:537:    Verifying        : zlib-devel-1.2.11-25.el8.x86_64                                                                                                                                  51/143 
DEBUG util.py:537:    Verifying        : perl-4:5.26.3-423.el8_10.x86_64                                                                                                                                  52/143 
DEBUG util.py:537:    Verifying        : perl-Archive-Zip-1.60-3.el8.noarch                                                                                                                               53/143 
DEBUG util.py:537:    Verifying        : perl-Attribute-Handlers-0.99-423.el8_10.noarch                                                                                                                   54/143 
DEBUG util.py:537:    Verifying        : perl-B-Debug-1.26-2.el8.noarch                                                                                                                                   55/143 
DEBUG util.py:537:    Verifying        : perl-CPAN-2.18-402.el8_10.noarch                                                                                                                                 56/143 
DEBUG util.py:537:    Verifying        : perl-CPAN-Meta-2.150010-396.el8.noarch                                                                                                                           57/143 
DEBUG util.py:537:    Verifying        : perl-CPAN-Meta-Requirements-2.140-396.el8.noarch                                                                                                                 58/143 
DEBUG util.py:537:    Verifying        : perl-CPAN-Meta-YAML-0.018-397.el8.noarch                                                                                                                         59/143 
DEBUG util.py:537:    Verifying        : perl-Compress-Bzip2-2.26-6.el8.x86_64                                                                                                                            60/143 
DEBUG util.py:537:    Verifying        : perl-Config-Perl-V-0.30-1.el8.noarch                                                                                                                             61/143 
DEBUG util.py:537:    Verifying        : perl-DB_File-1.842-1.el8.x86_64                                                                                                                                  62/143 
DEBUG util.py:537:    Verifying        : perl-Data-OptList-0.110-6.el8.noarch                                                                                                                             63/143 
DEBUG util.py:537:    Verifying        : perl-Data-Section-0.200007-3.el8.noarch                                                                                                                          64/143 
DEBUG util.py:537:    Verifying        : perl-Devel-PPPort-3.36-5.el8.x86_64                                                                                                                              65/143 
DEBUG util.py:537:    Verifying        : perl-Devel-Peek-1.26-423.el8_10.x86_64                                                                                                                           66/143 
DEBUG util.py:537:    Verifying        : perl-Devel-SelfStubber-1.06-423.el8_10.noarch                                                                                                                    67/143 
DEBUG util.py:537:    Verifying        : perl-Devel-Size-0.81-2.el8.x86_64                                                                                                                                68/143 
DEBUG util.py:537:    Verifying        : perl-Digest-SHA-1:6.02-1.el8.x86_64                                                                                                                              69/143 
DEBUG util.py:537:    Verifying        : perl-Encode-devel-4:2.97-3.el8.x86_64                                                                                                                            70/143 
DEBUG util.py:537:    Verifying        : perl-Env-1.04-395.el8.noarch                                                                                                                                     71/143 
DEBUG util.py:537:    Verifying        : perl-ExtUtils-CBuilder-1:0.280230-2.el8.noarch                                                                                                                   72/143 
DEBUG util.py:537:    Verifying        : perl-ExtUtils-Command-1:7.34-1.el8.noarch                                                                                                                        73/143 
DEBUG util.py:537:    Verifying        : perl-ExtUtils-Embed-1.34-423.el8_10.noarch                                                                                                                       74/143 
DEBUG util.py:537:    Verifying        : perl-ExtUtils-Install-2.14-4.el8.noarch                                                                                                                          75/143 
DEBUG util.py:537:    Verifying        : perl-ExtUtils-MM-Utils-1:7.34-1.el8.noarch                                                                                                                       76/143 
DEBUG util.py:537:    Verifying        : perl-ExtUtils-MakeMaker-1:7.34-1.el8.noarch                                                                                                                      77/143 
DEBUG util.py:537:    Verifying        : perl-ExtUtils-Manifest-1.70-395.el8.noarch                                                                                                                       78/143 
DEBUG util.py:537:    Verifying        : perl-ExtUtils-Miniperl-1.06-423.el8_10.noarch                                                                                                                    79/143 
DEBUG util.py:537:    Verifying        : perl-ExtUtils-ParseXS-1:3.35-2.el8.noarch                                                                                                                        80/143 
DEBUG util.py:537:    Verifying        : perl-File-Fetch-0.56-2.el8.noarch                                                                                                                                81/143 
DEBUG util.py:537:    Verifying        : perl-File-HomeDir-1.002-4.el8.noarch                                                                                                                             82/143 
DEBUG util.py:537:    Verifying        : perl-File-Which-1.22-2.el8.noarch                                                                                                                                83/143 
DEBUG util.py:537:    Verifying        : perl-Filter-2:1.58-2.el8.x86_64                                                                                                                                  84/143 
DEBUG util.py:537:    Verifying        : perl-Filter-Simple-0.94-2.el8.noarch                                                                                                                             85/143 
DEBUG util.py:537:    Verifying        : perl-IO-Socket-SSL-2.066-4.module_el8.6.0+2811+fe6c84b0.noarch                                                                                                   86/143 
DEBUG util.py:537:    Verifying        : perl-IPC-Cmd-2:1.02-1.el8.noarch                                                                                                                                 87/143 
DEBUG util.py:537:    Verifying        : perl-IPC-SysV-2.07-397.el8.x86_64                                                                                                                                88/143 
DEBUG util.py:537:    Verifying        : perl-IPC-System-Simple-1.25-17.el8.noarch                                                                                                                        89/143 
DEBUG util.py:537:    Verifying        : perl-JSON-PP-1:2.97.001-3.el8.noarch                                                                                                                             90/143 
DEBUG util.py:537:    Verifying        : perl-Locale-Codes-3.57-1.el8.noarch                                                                                                                              91/143 
DEBUG util.py:537:    Verifying        : perl-Locale-Maketext-1.28-396.el8.noarch                                                                                                                         92/143 
DEBUG util.py:537:    Verifying        : perl-Locale-Maketext-Simple-1:0.21-423.el8_10.noarch                                                                                                             93/143 
DEBUG util.py:537:    Verifying        : perl-MRO-Compat-0.13-4.el8.noarch                                                                                                                                94/143 
DEBUG util.py:537:    Verifying        : perl-Math-BigInt-FastCalc-0.500.600-6.el8.x86_64                                                                                                                 95/143 
DEBUG util.py:537:    Verifying        : perl-Math-BigRat-0.2614-1.el8.noarch                                                                                                                             96/143 
DEBUG util.py:537:    Verifying        : perl-Memoize-1.03-423.el8_10.noarch                                                                                                                              97/143 
DEBUG util.py:537:    Verifying        : perl-Module-Build-2:0.42.24-5.el8.noarch                                                                                                                         98/143 
DEBUG util.py:537:    Verifying        : perl-Module-CoreList-1:5.20181130-1.el8.noarch                                                                                                                   99/143 
DEBUG util.py:537:    Verifying        : perl-Module-CoreList-tools-1:5.20181130-1.el8.noarch                                                                                                            100/143 
DEBUG util.py:537:    Verifying        : perl-Module-Load-1:0.32-395.el8.noarch                                                                                                                          101/143 
DEBUG util.py:537:    Verifying        : perl-Module-Load-Conditional-0.68-395.el8.noarch                                                                                                                102/143 
DEBUG util.py:537:    Verifying        : perl-Module-Loaded-1:0.08-423.el8_10.noarch                                                                                                                     103/143 
DEBUG util.py:537:    Verifying        : perl-Module-Metadata-1.000033-395.el8.noarch                                                                                                                    104/143 
DEBUG util.py:537:    Verifying        : perl-Mozilla-CA-20160104-7.module_el8.5.0+2812+ed912d05.noarch                                                                                                  105/143 
DEBUG util.py:537:    Verifying        : perl-Net-Ping-2.55-423.el8_10.noarch                                                                                                                            106/143 
DEBUG util.py:537:    Verifying        : perl-Net-SSLeay-1.88-2.module_el8.6.0+2811+fe6c84b0.x86_64                                                                                                      107/143 
DEBUG util.py:537:    Verifying        : perl-Package-Generator-1.106-11.el8.noarch                                                                                                                      108/143 
DEBUG util.py:537:    Verifying        : perl-Params-Check-1:0.38-395.el8.noarch                                                                                                                         109/143 
DEBUG util.py:537:    Verifying        : perl-Params-Util-1.07-22.el8.x86_64                                                                                                                             110/143 
DEBUG util.py:537:    Verifying        : perl-Perl-OSType-1.010-396.el8.noarch                                                                                                                           111/143 
DEBUG util.py:537:    Verifying        : perl-PerlIO-via-QuotedPrint-0.08-395.el8.noarch                                                                                                                 112/143 
DEBUG util.py:537:    Verifying        : perl-Pod-Checker-4:1.73-395.el8.noarch                                                                                                                          113/143 
DEBUG util.py:537:    Verifying        : perl-Pod-Html-1.22.02-423.el8_10.noarch                                                                                                                         114/143 
DEBUG util.py:537:    Verifying        : perl-Pod-Parser-1.63-396.el8.noarch                                                                                                                             115/143 
DEBUG util.py:537:    Verifying        : perl-SelfLoader-1.23-423.el8_10.noarch                                                                                                                          116/143 
DEBUG util.py:537:    Verifying        : perl-Software-License-0.103013-2.el8.noarch                                                                                                                     117/143 
DEBUG util.py:537:    Verifying        : perl-Sub-Exporter-0.987-15.el8.noarch                                                                                                                           118/143 
DEBUG util.py:537:    Verifying        : perl-Sub-Install-0.928-14.el8.noarch                                                                                                                            119/143 
DEBUG util.py:537:    Verifying        : perl-Sys-Syslog-0.35-397.el8.x86_64                                                                                                                             120/143 
DEBUG util.py:537:    Verifying        : perl-Test-1.30-423.el8_10.noarch                                                                                                                                121/143 
DEBUG util.py:537:    Verifying        : perl-Test-Harness-1:3.42-1.el8.noarch                                                                                                                           122/143 
DEBUG util.py:537:    Verifying        : perl-Test-Simple-1:1.302135-1.el8.noarch                                                                                                                        123/143 
DEBUG util.py:537:    Verifying        : perl-Text-Balanced-2.03-395.el8.noarch                                                                                                                          124/143 
DEBUG util.py:537:    Verifying        : perl-Text-Glob-0.11-4.el8.noarch                                                                                                                                125/143 
DEBUG util.py:537:    Verifying        : perl-Text-Template-1.51-1.el8.noarch                                                                                                                            126/143 
DEBUG util.py:537:    Verifying        : perl-Thread-Queue-3.13-1.el8.noarch                                                                                                                             127/143 
DEBUG util.py:537:    Verifying        : perl-Time-HiRes-4:1.9758-2.el8.x86_64                                                                                                                           128/143 
DEBUG util.py:537:    Verifying        : perl-Time-Piece-1.31-423.el8_10.x86_64                                                                                                                          129/143 
DEBUG util.py:537:    Verifying        : perl-Unicode-Collate-1.25-2.el8.x86_64                                                                                                                          130/143 
DEBUG util.py:537:    Verifying        : perl-autodie-2.29-396.el8.noarch                                                                                                                                131/143 
DEBUG util.py:537:    Verifying        : perl-bignum-0.49-2.el8.noarch                                                                                                                                   132/143 
DEBUG util.py:537:    Verifying        : perl-devel-4:5.26.3-423.el8_10.x86_64                                                                                                                           133/143 
DEBUG util.py:537:    Verifying        : perl-encoding-4:2.22-3.el8.x86_64                                                                                                                               134/143 
DEBUG util.py:537:    Verifying        : perl-experimental-0.019-2.el8.noarch                                                                                                                            135/143 
DEBUG util.py:537:    Verifying        : perl-inc-latest-2:0.500-9.el8.noarch                                                                                                                            136/143 
DEBUG util.py:537:    Verifying        : perl-libnetcfg-4:5.26.3-423.el8_10.noarch                                                                                                                       137/143 
DEBUG util.py:537:    Verifying        : perl-local-lib-2.000024-2.el8.noarch                                                                                                                            138/143 
DEBUG util.py:537:    Verifying        : perl-open-1.11-423.el8_10.noarch                                                                                                                                139/143 
DEBUG util.py:537:    Verifying        : perl-perlfaq-5.20180605-1.el8.noarch                                                                                                                            140/143 
DEBUG util.py:537:    Verifying        : perl-utils-5.26.3-423.el8_10.noarch                                                                                                                             141/143 
DEBUG util.py:537:    Verifying        : perl-version-6:0.99.24-1.el8.x86_64                                                                                                                             142/143 
DEBUG util.py:537:    Verifying        : systemtap-sdt-devel-4.9-3.el8.x86_64                                                                                                                            143/143 
DEBUG util.py:537:  Installed:
DEBUG util.py:537:    groff-base-1.22.3-18.el8.x86_64                                 openssl-1:1.1.1k-17.el8_6.x86_64                            perl-4:5.26.3-423.el8_10.x86_64                                
DEBUG util.py:537:    perl-Algorithm-Diff-1.1903-9.el8.noarch                         perl-Archive-Tar-2.30-3.el8_10.noarch                       perl-Archive-Zip-1.60-3.el8.noarch                             
DEBUG util.py:537:    perl-Attribute-Handlers-0.99-423.el8_10.noarch                  perl-B-Debug-1.26-2.el8.noarch                              perl-CPAN-2.18-402.el8_10.noarch                               
DEBUG util.py:537:    perl-CPAN-Meta-2.150010-396.el8.noarch                          perl-CPAN-Meta-Requirements-2.140-396.el8.noarch            perl-CPAN-Meta-YAML-0.018-397.el8.noarch                       
DEBUG util.py:537:    perl-Carp-1.42-396.el8.noarch                                   perl-Compress-Bzip2-2.26-6.el8.x86_64                       perl-Compress-Raw-Bzip2-2.081-1.el8.x86_64                     
DEBUG util.py:537:    perl-Compress-Raw-Zlib-2.081-1.el8.x86_64                       perl-Config-Perl-V-0.30-1.el8.noarch                        perl-DB_File-1.842-1.el8.x86_64                                
DEBUG util.py:537:    perl-Data-Dumper-2.167-399.el8.x86_64                           perl-Data-OptList-0.110-6.el8.noarch                        perl-Data-Section-0.200007-3.el8.noarch                        
DEBUG util.py:537:    perl-Devel-PPPort-3.36-5.el8.x86_64                             perl-Devel-Peek-1.26-423.el8_10.x86_64                      perl-Devel-SelfStubber-1.06-423.el8_10.noarch                  
DEBUG util.py:537:    perl-Devel-Size-0.81-2.el8.x86_64                               perl-Digest-1.17-395.el8.noarch                             perl-Digest-MD5-2.55-396.el8.x86_64                            
DEBUG util.py:537:    perl-Digest-SHA-1:6.02-1.el8.x86_64                             perl-Encode-4:2.97-3.el8.x86_64                             perl-Encode-devel-4:2.97-3.el8.x86_64                          
DEBUG util.py:537:    perl-Env-1.04-395.el8.noarch                                    perl-Errno-1.28-423.el8_10.x86_64                           perl-Exporter-5.72-396.el8.noarch                              
DEBUG util.py:537:    perl-ExtUtils-CBuilder-1:0.280230-2.el8.noarch                  perl-ExtUtils-Command-1:7.34-1.el8.noarch                   perl-ExtUtils-Embed-1.34-423.el8_10.noarch                     
DEBUG util.py:537:    perl-ExtUtils-Install-2.14-4.el8.noarch                         perl-ExtUtils-MM-Utils-1:7.34-1.el8.noarch                  perl-ExtUtils-MakeMaker-1:7.34-1.el8.noarch                    
DEBUG util.py:537:    perl-ExtUtils-Manifest-1.70-395.el8.noarch                      perl-ExtUtils-Miniperl-1.06-423.el8_10.noarch               perl-ExtUtils-ParseXS-1:3.35-2.el8.noarch                      
DEBUG util.py:537:    perl-File-Fetch-0.56-2.el8.noarch                               perl-File-HomeDir-1.002-4.el8.noarch                        perl-File-Path-2.15-2.el8.noarch                               
DEBUG util.py:537:    perl-File-Temp-0.230.600-1.el8.noarch                           perl-File-Which-1.22-2.el8.noarch                           perl-Filter-2:1.58-2.el8.x86_64                                
DEBUG util.py:537:    perl-Filter-Simple-0.94-2.el8.noarch                            perl-Getopt-Long-1:2.50-4.el8.noarch                        perl-HTTP-Tiny-0.074-3.el8.noarch                              
DEBUG util.py:537:    perl-IO-1.38-423.el8_10.x86_64                                  perl-IO-Compress-2.081-2.el8_10.noarch                      perl-IO-Socket-IP-0.39-5.el8.noarch                            
DEBUG util.py:537:    perl-IO-Socket-SSL-2.066-4.module_el8.6.0+2811+fe6c84b0.noarch  perl-IO-Zlib-1:1.10-423.el8_10.noarch                       perl-IPC-Cmd-2:1.02-1.el8.noarch                               
DEBUG util.py:537:    perl-IPC-SysV-2.07-397.el8.x86_64                               perl-IPC-System-Simple-1.25-17.el8.noarch                   perl-JSON-PP-1:2.97.001-3.el8.noarch                           
DEBUG util.py:537:    perl-Locale-Codes-3.57-1.el8.noarch                             perl-Locale-Maketext-1.28-396.el8.noarch                    perl-Locale-Maketext-Simple-1:0.21-423.el8_10.noarch           
DEBUG util.py:537:    perl-MIME-Base64-3.15-396.el8.x86_64                            perl-MRO-Compat-0.13-4.el8.noarch                           perl-Math-BigInt-1:1.9998.11-7.el8.noarch                      
DEBUG util.py:537:    perl-Math-BigInt-FastCalc-0.500.600-6.el8.x86_64                perl-Math-BigRat-0.2614-1.el8.noarch                        perl-Math-Complex-1.59-423.el8_10.noarch                       
DEBUG util.py:537:    perl-Memoize-1.03-423.el8_10.noarch                             perl-Module-Build-2:0.42.24-5.el8.noarch                    perl-Module-CoreList-1:5.20181130-1.el8.noarch                 
DEBUG util.py:537:    perl-Module-CoreList-tools-1:5.20181130-1.el8.noarch            perl-Module-Load-1:0.32-395.el8.noarch                      perl-Module-Load-Conditional-0.68-395.el8.noarch               
DEBUG util.py:537:    perl-Module-Loaded-1:0.08-423.el8_10.noarch                     perl-Module-Metadata-1.000033-395.el8.noarch                perl-Mozilla-CA-20160104-7.module_el8.5.0+2812+ed912d05.noarch 
DEBUG util.py:537:    perl-Net-Ping-2.55-423.el8_10.noarch                            perl-Net-SSLeay-1.88-2.module_el8.6.0+2811+fe6c84b0.x86_64  perl-Package-Generator-1.106-11.el8.noarch                     
DEBUG util.py:537:    perl-Params-Check-1:0.38-395.el8.noarch                         perl-Params-Util-1.07-22.el8.x86_64                         perl-PathTools-3.74-1.el8.x86_64                               
DEBUG util.py:537:    perl-Perl-OSType-1.010-396.el8.noarch                           perl-PerlIO-via-QuotedPrint-0.08-395.el8.noarch             perl-Pod-Checker-4:1.73-395.el8.noarch                         
DEBUG util.py:537:    perl-Pod-Escapes-1:1.07-395.el8.noarch                          perl-Pod-Html-1.22.02-423.el8_10.noarch                     perl-Pod-Parser-1.63-396.el8.noarch                            
DEBUG util.py:537:    perl-Pod-Perldoc-3.28-396.el8.noarch                            perl-Pod-Simple-1:3.35-395.el8.noarch                       perl-Pod-Usage-4:1.69-395.el8.noarch                           
DEBUG util.py:537:    perl-Scalar-List-Utils-3:1.49-2.el8.x86_64                      perl-SelfLoader-1.23-423.el8_10.noarch                      perl-Socket-4:2.027-3.el8.x86_64                               
DEBUG util.py:537:    perl-Software-License-0.103013-2.el8.noarch                     perl-Storable-1:3.11-3.el8.x86_64                           perl-Sub-Exporter-0.987-15.el8.noarch                          
DEBUG util.py:537:    perl-Sub-Install-0.928-14.el8.noarch                            perl-Sys-Syslog-0.35-397.el8.x86_64                         perl-Term-ANSIColor-4.06-396.el8.noarch                        
DEBUG util.py:537:    perl-Term-Cap-1.17-395.el8.noarch                               perl-Test-1.30-423.el8_10.noarch                            perl-Test-Harness-1:3.42-1.el8.noarch                          
DEBUG util.py:537:    perl-Test-Simple-1:1.302135-1.el8.noarch                        perl-Text-Balanced-2.03-395.el8.noarch                      perl-Text-Diff-1.45-2.el8.noarch                               
DEBUG util.py:537:    perl-Text-Glob-0.11-4.el8.noarch                                perl-Text-ParseWords-3.30-395.el8.noarch                    perl-Text-Tabs+Wrap-2013.0523-395.el8.noarch                   
DEBUG util.py:537:    perl-Text-Template-1.51-1.el8.noarch                            perl-Thread-Queue-3.13-1.el8.noarch                         perl-Time-HiRes-4:1.9758-2.el8.x86_64                          
DEBUG util.py:537:    perl-Time-Local-1:1.280-1.el8.noarch                            perl-Time-Piece-1.31-423.el8_10.x86_64                      perl-URI-1.73-3.el8.noarch                                     
DEBUG util.py:537:    perl-Unicode-Collate-1.25-2.el8.x86_64                          perl-Unicode-Normalize-1.25-396.el8.x86_64                  perl-autodie-2.29-396.el8.noarch                               
DEBUG util.py:537:    perl-bignum-0.49-2.el8.noarch                                   perl-constant-1.33-396.el8.noarch                           perl-devel-4:5.26.3-423.el8_10.x86_64                          
DEBUG util.py:537:    perl-encoding-4:2.22-3.el8.x86_64                               perl-experimental-0.019-2.el8.noarch                        perl-inc-latest-2:0.500-9.el8.noarch                           
DEBUG util.py:537:    perl-interpreter-4:5.26.3-423.el8_10.x86_64                     perl-libnet-3.11-3.el8.noarch                               perl-libnetcfg-4:5.26.3-423.el8_10.noarch                      
DEBUG util.py:537:    perl-libs-4:5.26.3-423.el8_10.x86_64                            perl-local-lib-2.000024-2.el8.noarch                        perl-macros-4:5.26.3-423.el8_10.x86_64                         
DEBUG util.py:537:    perl-open-1.11-423.el8_10.noarch                                perl-parent-1:0.237-1.el8.noarch                            perl-perlfaq-5.20180605-1.el8.noarch                           
DEBUG util.py:537:    perl-podlators-4.11-1.el8.noarch                                perl-threads-1:2.21-2.el8.x86_64                            perl-threads-shared-1.58-2.el8.x86_64                          
DEBUG util.py:537:    perl-utils-5.26.3-423.el8_10.noarch                             perl-version-6:0.99.24-1.el8.x86_64                         python3-pyparsing-2.1.10-7.el8.noarch                          
DEBUG util.py:537:    systemtap-sdt-devel-4.9-3.el8.x86_64                            zlib-devel-1.2.11-25.el8.x86_64                            
DEBUG util.py:537:  Complete!
DEBUG util.py:688:  Child return code was: 0
DEBUG util.py:200:  kill orphans in chroot /var/lib/mock/alma+epel-8-x86_64/root
DEBUG util.py:200:  kill orphans in chroot /var/lib/mock/alma+epel-8-x86_64-bootstrap/root/var/lib/mock/alma+epel-8-x86_64/root
DEBUG util.py:717:  child environment: None
DEBUG util.py:636:  Executing command: ['/bin/umount', '-n', '-l', '/var/lib/mock/alma+epel-8-x86_64-bootstrap/root/var/lib/mock/alma+epel-8-x86_64/root'] with env {'TERM': 'vt100', 'SHELL': '/bin/sh', 'HOME': '/builddir', 'HOSTNAME': 'mock', 'PATH': '/usr/bin:/bin:/usr/sbin:/sbin', 'LANG': 'C.UTF-8'} and shell False
DEBUG util.py:688:  Child return code was: 0
DEBUG util.py:717:  child environment: None
DEBUG util.py:636:  Executing command: ['/bin/umount', '-n', '-l', '/var/lib/mock/alma+epel-8-x86_64-bootstrap/root/var/lib/mock/alma+epel-8-x86_64/root'] with env {'TERM': 'vt100', 'SHELL': '/bin/sh', 'HOME': '/builddir', 'HOSTNAME': 'mock', 'PATH': '/usr/bin:/bin:/usr/sbin:/sbin', 'LANG': 'C.UTF-8'} and shell False
DEBUG util.py:688:  Child return code was: 0
DEBUG util.py:717:  child environment: None
DEBUG util.py:636:  Executing command: ['/bin/umount', '-n', '-l', '/var/lib/mock/alma+epel-8-x86_64/root/sys/fs/selinux'] with env {'TERM': 'vt100', 'SHELL': '/bin/sh', 'HOME': '/builddir', 'HOSTNAME': 'mock', 'PATH': '/usr/bin:/bin:/usr/sbin:/sbin', 'LANG': 'C.UTF-8'} and shell False
DEBUG util.py:688:  Child return code was: 0
DEBUG util.py:717:  child environment: None
DEBUG util.py:636:  Executing command: ['/bin/umount', '-n', '/var/lib/mock/alma+epel-8-x86_64/root/proc/filesystems'] with env {'TERM': 'vt100', 'SHELL': '/bin/sh', 'HOME': '/builddir', 'HOSTNAME': 'mock', 'PATH': '/usr/bin:/bin:/usr/sbin:/sbin', 'LANG': 'C.UTF-8'} and shell False
DEBUG util.py:688:  Child return code was: 0
DEBUG util.py:717:  child environment: None
DEBUG util.py:636:  Executing command: ['/bin/umount', '-n', '-l', '/var/lib/mock/alma+epel-8-x86_64/root/dev/pts'] with env {'TERM': 'vt100', 'SHELL': '/bin/sh', 'HOME': '/builddir', 'HOSTNAME': 'mock', 'PATH': '/usr/bin:/bin:/usr/sbin:/sbin', 'LANG': 'C.UTF-8'} and shell False
DEBUG util.py:688:  Child return code was: 0
DEBUG util.py:717:  child environment: None
DEBUG util.py:636:  Executing command: ['/bin/umount', '-n', '-l', '/var/lib/mock/alma+epel-8-x86_64/root/dev/shm'] with env {'TERM': 'vt100', 'SHELL': '/bin/sh', 'HOME': '/builddir', 'HOSTNAME': 'mock', 'PATH': '/usr/bin:/bin:/usr/sbin:/sbin', 'LANG': 'C.UTF-8'} and shell False
DEBUG util.py:688:  Child return code was: 0
DEBUG util.py:717:  child environment: None
DEBUG util.py:636:  Executing command: ['/bin/umount', '-n', '-l', '/var/lib/mock/alma+epel-8-x86_64/root/sys'] with env {'TERM': 'vt100', 'SHELL': '/bin/sh', 'HOME': '/builddir', 'HOSTNAME': 'mock', 'PATH': '/usr/bin:/bin:/usr/sbin:/sbin', 'LANG': 'C.UTF-8'} and shell False
DEBUG util.py:688:  Child return code was: 0
DEBUG util.py:717:  child environment: None
DEBUG util.py:636:  Executing command: ['/bin/umount', '-n', '-l', '/var/lib/mock/alma+epel-8-x86_64/root/sys'] with env {'TERM': 'vt100', 'SHELL': '/bin/sh', 'HOME': '/builddir', 'HOSTNAME': 'mock', 'PATH': '/usr/bin:/bin:/usr/sbin:/sbin', 'LANG': 'C.UTF-8'} and shell False
DEBUG util.py:688:  Child return code was: 0
DEBUG util.py:717:  child environment: None
DEBUG util.py:636:  Executing command: ['/bin/umount', '-n', '-l', '/var/lib/mock/alma+epel-8-x86_64/root/proc'] with env {'TERM': 'vt100', 'SHELL': '/bin/sh', 'HOME': '/builddir', 'HOSTNAME': 'mock', 'PATH': '/usr/bin:/bin:/usr/sbin:/sbin', 'LANG': 'C.UTF-8'} and shell False
DEBUG util.py:688:  Child return code was: 0
DEBUG util.py:717:  child environment: None
DEBUG util.py:636:  Executing command: ['/bin/umount', '-n', '-l', '/var/lib/mock/alma+epel-8-x86_64/root/proc'] with env {'TERM': 'vt100', 'SHELL': '/bin/sh', 'HOME': '/builddir', 'HOSTNAME': 'mock', 'PATH': '/usr/bin:/bin:/usr/sbin:/sbin', 'LANG': 'C.UTF-8'} and shell False
DEBUG util.py:688:  Child return code was: 0
DEBUG file_util.py:17:  ensuring that dir exists: /var/lib/mock/alma+epel-8-x86_64-bootstrap/root/var/lib/mock/alma+epel-8-x86_64/root
DEBUG util.py:717:  child environment: None
DEBUG util.py:636:  Executing command: ['/bin/mount', '-n', '-t', 'tmpfs', '-o', 'private,mode=0755', 'tmpfs', '/var/lib/mock/alma+epel-8-x86_64-bootstrap/root/var/lib/mock/alma+epel-8-x86_64/root'] with env {'TERM': 'vt100', 'SHELL': '/bin/sh', 'HOME': '/builddir', 'HOSTNAME': 'mock', 'PATH': '/usr/bin:/bin:/usr/sbin:/sbin', 'LANG': 'C.UTF-8'} and shell False
DEBUG util.py:688:  Child return code was: 0
DEBUG file_util.py:17:  ensuring that dir exists: /var/lib/mock/alma+epel-8-x86_64-bootstrap/root/var/lib/mock/alma+epel-8-x86_64/root
DEBUG util.py:717:  child environment: None
DEBUG util.py:636:  Executing command: ['/bin/mount', '-n', '-o', 'rbind', '/var/lib/mock/alma+epel-8-x86_64/root', '/var/lib/mock/alma+epel-8-x86_64-bootstrap/root/var/lib/mock/alma+epel-8-x86_64/root'] with env {'TERM': 'vt100', 'SHELL': '/bin/sh', 'HOME': '/builddir', 'HOSTNAME': 'mock', 'PATH': '/usr/bin:/bin:/usr/sbin:/sbin', 'LANG': 'C.UTF-8'} and shell False
DEBUG util.py:688:  Child return code was: 0
DEBUG util.py:717:  child environment: None
DEBUG util.py:636:  Executing command: ['/bin/mount', '-n', '-o', 'remount,private,rbind', '--target', '/var/lib/mock/alma+epel-8-x86_64-bootstrap/root/var/lib/mock/alma+epel-8-x86_64/root'] with env {'TERM': 'vt100', 'SHELL': '/bin/sh', 'HOME': '/builddir', 'HOSTNAME': 'mock', 'PATH': '/usr/bin:/bin:/usr/sbin:/sbin', 'LANG': 'C.UTF-8'} and shell False
DEBUG util.py:688:  Child return code was: 0
DEBUG util.py:717:  child environment: None
DEBUG util.py:631:  Using nspawn with args ['--capability=cap_ipc_lock', '--resolv-conf=off']
DEBUG util.py:636:  Executing command: ['/usr/bin/systemd-nspawn', '-q', '-M', 'c6926f17239d4430bc5e3babdb5263b3', '-D', '/var/lib/mock/alma+epel-8-x86_64-bootstrap/root', '-a', '--capability=cap_ipc_lock', '--resolv-conf=off', '--setenv=TERM=vt100', '--setenv=SHELL=/bin/bash', '--setenv=HOME=/builddir', '--setenv=HOSTNAME=mock', '--setenv=PATH=/usr/bin:/bin:/usr/sbin:/sbin', '--setenv=PROMPT_COMMAND=printf "\\033]0;<mock-chroot>\\007"', '--setenv=PS1=<mock-chroot> \\s-\\v\\$ ', '--setenv=LANG=C.UTF-8', '/bin/rpm', '-qa', '--root', '/var/lib/mock/alma+epel-8-x86_64/root'] with env {'TERM': 'vt100', 'SHELL': '/bin/bash', 'HOME': '/builddir', 'HOSTNAME': 'mock', 'PATH': '/usr/bin:/bin:/usr/sbin:/sbin', 'PROMPT_COMMAND': 'printf "\\033]0;<mock-chroot>\\007"', 'PS1': '<mock-chroot> \\s-\\v\\$ ', 'LANG': 'C.UTF-8', 'SYSTEMD_NSPAWN_TMPFS_TMP': '0', 'SYSTEMD_SECCOMP': '0'} and shell False
DEBUG util.py:537:  perl-Pod-Html-1.22.02-423.el8_10.noarch
DEBUG util.py:537:  gpg-pubkey-ced7258b-6525146f
DEBUG util.py:537:  perl-Data-OptList-0.110-6.el8.noarch
DEBUG util.py:537:  libgcc-8.5.0-28.el8_10.alma.1.x86_64
DEBUG util.py:537:  perl-libnetcfg-5.26.3-423.el8_10.noarch
DEBUG util.py:537:  crypto-policies-20230731-1.git3177e06.el8.noarch
DEBUG util.py:537:  perl-Encode-devel-2.97-3.el8.x86_64
DEBUG util.py:537:  python3-setuptools-wheel-39.2.0-9.el8_10.noarch
DEBUG util.py:537:  perl-Math-BigInt-FastCalc-0.500.600-6.el8.x86_64
DEBUG util.py:537:  almalinux-release-8.10-1.el8.x86_64
DEBUG util.py:537:  perl-Filter-Simple-0.94-2.el8.noarch
DEBUG util.py:537:  filesystem-3.8-6.el8.x86_64
DEBUG util.py:537:  perl-Archive-Zip-1.60-3.el8.noarch
DEBUG util.py:537:  python3-rpm-macros-3-45.el8.noarch
DEBUG util.py:537:  perl-experimental-0.019-2.el8.noarch
DEBUG util.py:537:  ansible-srpm-macros-1-12.el8.noarch
DEBUG util.py:537:  perl-Text-Diff-1.45-2.el8.noarch
DEBUG util.py:537:  qt5-srpm-macros-5.15.3-1.el8.noarch
DEBUG util.py:537:  perl-Attribute-Handlers-0.99-423.el8_10.noarch
DEBUG util.py:537:  openblas-srpm-macros-2-2.el8.noarch
DEBUG util.py:537:  perl-Compress-Bzip2-2.26-6.el8.x86_64
DEBUG util.py:537:  go-srpm-macros-2-17.el8.noarch
DEBUG util.py:537:  perl-DB_File-1.842-1.el8.x86_64
DEBUG util.py:537:  tzdata-2026c-1.el8_10.noarch
DEBUG util.py:537:  perl-Devel-Size-0.81-2.el8.x86_64
DEBUG util.py:537:  pkgconf-m4-1.4.2-1.el8.noarch
DEBUG util.py:537:  perl-ExtUtils-MM-Utils-7.34-1.el8.noarch
DEBUG util.py:537:  pcre2-10.32-3.el8_6.x86_64
DEBUG util.py:537:  perl-ExtUtils-CBuilder-0.280230-2.el8.noarch
DEBUG util.py:537:  glibc-all-langpacks-2.28-251.el8_10.40.x86_64
DEBUG util.py:537:  perl-IPC-SysV-2.07-397.el8.x86_64
DEBUG util.py:537:  glibc-gconv-extra-2.28-251.el8_10.40.x86_64
DEBUG util.py:537:  perl-autodie-2.29-396.el8.noarch
DEBUG util.py:537:  glibc-2.28-251.el8_10.40.x86_64
DEBUG util.py:537:  perl-Memoize-1.03-423.el8_10.noarch
DEBUG util.py:537:  libsepol-2.9-3.el8.x86_64
DEBUG util.py:537:  perl-Package-Generator-1.106-11.el8.noarch
DEBUG util.py:537:  info-6.5-7.el8.x86_64
DEBUG util.py:537:  perl-Pod-Checker-1.73-395.el8.noarch
DEBUG util.py:537:  xz-libs-5.2.4-4.el8_6.x86_64
DEBUG util.py:537:  perl-Sys-Syslog-0.35-397.el8.x86_64
DEBUG util.py:537:  libacl-2.4.0-1.el8_10.x86_64
DEBUG util.py:537:  perl-Test-Simple-1.302135-1.el8.noarch
DEBUG util.py:537:  libxcrypt-4.1.1-6.el8.x86_64
DEBUG util.py:537:  perl-Text-Template-1.51-1.el8.noarch
DEBUG util.py:537:  elfutils-libelf-0.190-2.el8.alma.1.x86_64
DEBUG util.py:537:  perl-Unicode-Collate-1.25-2.el8.x86_64
DEBUG util.py:537:  readline-7.0-10.el8.x86_64
DEBUG util.py:537:  perl-utils-5.26.3-423.el8_10.noarch
DEBUG util.py:537:  libcap-2.48-6.el8_10.1.x86_64
DEBUG util.py:537:  perl-File-Which-1.22-2.el8.noarch
DEBUG util.py:537:  sed-4.5-5.el8_10.x86_64
DEBUG util.py:537:  perl-Devel-Peek-1.26-423.el8_10.x86_64
DEBUG util.py:537:  libuuid-2.32.1-48.el8_10.x86_64
DEBUG util.py:537:  perl-Data-Section-0.200007-3.el8.noarch
DEBUG util.py:537:  libunistring-0.9.9-3.el8.x86_64
DEBUG util.py:537:  perl-Module-Build-0.42.24-5.el8.noarch
DEBUG util.py:537:  libgpg-error-1.31-1.el8.x86_64
DEBUG util.py:537:  perl-perlfaq-5.20180605-1.el8.noarch
DEBUG util.py:537:  p11-kit-0.23.22-2.el8.x86_64
DEBUG util.py:537:  perl-5.26.3-423.el8_10.x86_64
DEBUG util.py:537:  libmpc-1.1.0-9.1.el8.x86_64
DEBUG util.py:537:  libattr-2.6.0-1.el8_10.x86_64
DEBUG util.py:537:  libgcrypt-1.8.5-8.el8_10.x86_64
DEBUG util.py:537:  findutils-4.6.0-24.el8_10.x86_64
DEBUG util.py:537:  elfutils-libs-0.190-2.el8.alma.1.x86_64
DEBUG util.py:537:  gdbm-libs-1.18-2.el8.x86_64
DEBUG util.py:537:  libcap-ng-0.7.11-1.el8.x86_64
DEBUG util.py:537:  libtasn1-4.13-6.el8_10.x86_64
DEBUG util.py:537:  lz4-libs-1.8.3-5.el8_10.x86_64
DEBUG util.py:537:  grep-3.1-6.el8.x86_64
DEBUG util.py:537:  libsemanage-2.9-12.el8_10.x86_64
DEBUG util.py:537:  elfutils-0.190-2.el8.alma.1.x86_64
DEBUG util.py:537:  patch-2.7.6-11.el8.x86_64
DEBUG util.py:537:  libpsl-0.20.2-6.el8.x86_64
DEBUG util.py:537:  libksba-1.3.5-9.el8_7.x86_64
DEBUG util.py:537:  libstdc++-devel-8.5.0-28.el8_10.alma.1.x86_64
DEBUG util.py:537:  tar-1.30-11.el8_10.x86_64
DEBUG util.py:537:  gnutls-3.6.16-8.el8_10.6.x86_64
DEBUG util.py:537:  libxml2-2.9.7-21.el8_10.6.x86_64
DEBUG util.py:537:  coreutils-common-8.30-20.el8_10.x86_64
DEBUG util.py:537:  libgomp-8.5.0-28.el8_10.alma.1.x86_64
DEBUG util.py:537:  cpio-2.12-11.el8.x86_64
DEBUG util.py:537:  libpkgconf-1.4.2-1.el8.x86_64
DEBUG util.py:537:  pkgconf-pkg-config-1.4.2-1.el8.x86_64
DEBUG util.py:537:  gawk-4.2.1-4.el8.x86_64
DEBUG util.py:537:  libtool-ltdl-2.4.6-25.el8.x86_64
DEBUG util.py:537:  ncurses-6.1-10.20180224.el8.x86_64
DEBUG util.py:537:  coreutils-8.30-20.el8_10.x86_64
DEBUG util.py:537:  libdb-5.3.28-42.el8_4.x86_64
DEBUG util.py:537:  libtirpc-1.1.4-12.el8_10.x86_64
DEBUG util.py:537:  libmount-2.32.1-48.el8_10.x86_64
DEBUG util.py:537:  libnsl2-1.2.0-2.20180605git4a062cf.el8.x86_64
DEBUG util.py:537:  platform-python-3.6.8-78.el8_10.alma.1.x86_64
DEBUG util.py:537:  binutils-2.30-128.el8_10.x86_64
DEBUG util.py:537:  cracklib-2.9.6-15.el8.x86_64
DEBUG util.py:537:  shadow-utils-4.6-23.el8_10.x86_64
DEBUG util.py:537:  tpm2-tss-2.3.2-6.el8.x86_64
DEBUG util.py:537:  libpwquality-1.4.4-6.el8.x86_64
DEBUG util.py:537:  libusbx-1.0.30-1.el8_10.x86_64
DEBUG util.py:537:  libbabeltrace-1.5.4-4.el8.x86_64
DEBUG util.py:537:  cyrus-sasl-lib-2.1.27-6.el8_5.x86_64
DEBUG util.py:537:  libdb-utils-5.3.28-42.el8_4.x86_64
DEBUG util.py:537:  npth-1.5-4.el8.x86_64
DEBUG util.py:537:  libatomic_ops-7.6.2-3.el8.x86_64
DEBUG util.py:537:  guile-2.0.14-7.el8.x86_64
DEBUG util.py:537:  libssh-config-0.9.6-16.el8_10.noarch
DEBUG util.py:537:  libcurl-7.61.1-34.el8_10.13.x86_64
DEBUG util.py:537:  rpm-libs-4.14.3-32.el8_10.x86_64
DEBUG util.py:537:  efi-srpm-macros-3-3.el8.noarch
DEBUG util.py:537:  rpm-build-libs-4.14.3-32.el8_10.x86_64
DEBUG util.py:537:  kernel-headers-4.18.0-553.158.1.el8_10.x86_64
DEBUG util.py:537:  glibc-devel-2.28-251.el8_10.40.x86_64
DEBUG util.py:537:  gcc-8.5.0-28.el8_10.alma.1.x86_64
DEBUG util.py:537:  annobin-11.13-2.el8.x86_64
DEBUG util.py:537:  rpm-build-4.14.3-32.el8_10.x86_64
DEBUG util.py:537:  epel-rpm-macros-8-43.noarch
DEBUG util.py:537:  which-2.21-21.el8_10.x86_64
DEBUG util.py:537:  python3-pyparsing-2.1.10-7.el8.noarch
DEBUG util.py:537:  openssl-1.1.1k-17.el8_6.x86_64
DEBUG util.py:537:  perl-Digest-1.17-395.el8.noarch
DEBUG util.py:537:  perl-Data-Dumper-2.167-399.el8.x86_64
DEBUG util.py:537:  perl-URI-1.73-3.el8.noarch
DEBUG util.py:537:  perl-IO-Socket-IP-0.39-5.el8.noarch
DEBUG util.py:537:  perl-Mozilla-CA-20160104-7.module_el8.5.0+2812+ed912d05.noarch
DEBUG util.py:537:  perl-Net-SSLeay-1.88-2.module_el8.6.0+2811+fe6c84b0.x86_64
DEBUG util.py:537:  perl-Term-Cap-1.17-395.el8.noarch
DEBUG util.py:537:  perl-HTTP-Tiny-0.074-3.el8.noarch
DEBUG util.py:537:  perl-podlators-4.11-1.el8.noarch
DEBUG util.py:537:  perl-Text-ParseWords-3.30-395.el8.noarch
DEBUG util.py:537:  perl-MIME-Base64-3.15-396.el8.x86_64
DEBUG util.py:537:  perl-Getopt-Long-2.50-4.el8.noarch
DEBUG util.py:537:  perl-Socket-2.027-3.el8.x86_64
DEBUG util.py:537:  perl-Carp-1.42-396.el8.noarch
DEBUG util.py:537:  perl-libs-5.26.3-423.el8_10.x86_64
DEBUG util.py:537:  perl-parent-0.237-1.el8.noarch
DEBUG util.py:537:  perl-Text-Tabs+Wrap-2013.0523-395.el8.noarch
DEBUG util.py:537:  perl-File-Path-2.15-2.el8.noarch
DEBUG util.py:537:  perl-PathTools-3.74-1.el8.x86_64
DEBUG util.py:537:  perl-threads-2.21-2.el8.x86_64
DEBUG util.py:537:  perl-interpreter-5.26.3-423.el8_10.x86_64
DEBUG util.py:537:  perl-Time-HiRes-1.9758-2.el8.x86_64
DEBUG util.py:537:  perl-ExtUtils-Manifest-1.70-395.el8.noarch
DEBUG util.py:537:  perl-Test-Harness-3.42-1.el8.noarch
DEBUG util.py:537:  perl-Module-Metadata-1.000033-395.el8.noarch
DEBUG util.py:537:  perl-Filter-1.58-2.el8.x86_64
DEBUG util.py:537:  perl-Module-Load-0.32-395.el8.noarch
DEBUG util.py:537:  perl-Text-Balanced-2.03-395.el8.noarch
DEBUG util.py:537:  perl-Net-Ping-2.55-423.el8_10.noarch
DEBUG util.py:537:  perl-IO-Compress-2.081-2.el8_10.noarch
DEBUG util.py:537:  perl-Math-Complex-1.59-423.el8_10.noarch
DEBUG util.py:537:  perl-JSON-PP-2.97.001-3.el8.noarch
DEBUG util.py:537:  perl-CPAN-Meta-YAML-0.018-397.el8.noarch
DEBUG util.py:537:  perl-Digest-SHA-6.02-1.el8.x86_64
DEBUG util.py:537:  perl-devel-5.26.3-423.el8_10.x86_64
DEBUG util.py:537:  perl-ExtUtils-MakeMaker-7.34-1.el8.noarch
DEBUG util.py:537:  perl-Locale-Maketext-1.28-396.el8.noarch
DEBUG util.py:537:  perl-Params-Check-0.38-395.el8.noarch
DEBUG util.py:537:  perl-Params-Util-1.07-22.el8.x86_64
DEBUG util.py:537:  gpg-pubkey-3abb34f8-5ffd890e
DEBUG util.py:537:  perl-Sub-Install-0.928-14.el8.noarch
DEBUG util.py:537:  gpg-pubkey-2f86d6a1-5cf7cefb
DEBUG util.py:537:  perl-ExtUtils-Miniperl-1.06-423.el8_10.noarch
DEBUG util.py:537:  python-srpm-macros-3-45.el8.noarch
DEBUG util.py:537:  perl-inc-latest-0.500-9.el8.noarch
DEBUG util.py:537:  python-rpm-macros-3-45.el8.noarch
DEBUG util.py:537:  perl-bignum-0.49-2.el8.noarch
DEBUG util.py:537:  python3-pip-wheel-9.0.3-24.el8.noarch
DEBUG util.py:537:  perl-open-1.11-423.el8_10.noarch
DEBUG util.py:537:  setup-2.12.2-9.el8.noarch
DEBUG util.py:537:  perl-Devel-SelfStubber-1.06-423.el8_10.noarch
DEBUG util.py:537:  basesystem-11-5.el8.noarch
DEBUG util.py:537:  perl-Module-CoreList-tools-5.20181130-1.el8.noarch
DEBUG util.py:537:  fpc-srpm-macros-1.3-1.el8.noarch
DEBUG util.py:537:  perl-Algorithm-Diff-1.1903-9.el8.noarch
DEBUG util.py:537:  rust-srpm-macros-5-2.el8.noarch
DEBUG util.py:537:  perl-Archive-Tar-2.30-3.el8_10.noarch
DEBUG util.py:537:  perl-srpm-macros-1-25.el8.noarch
DEBUG util.py:537:  perl-B-Debug-1.26-2.el8.noarch
DEBUG util.py:537:  ocaml-srpm-macros-5-4.el8.noarch
DEBUG util.py:537:  perl-Config-Perl-V-0.30-1.el8.noarch
DEBUG util.py:537:  ghc-srpm-macros-1.4.2-7.el8.noarch
DEBUG util.py:537:  perl-Devel-PPPort-3.36-5.el8.x86_64
DEBUG util.py:537:  publicsuffix-list-dafsa-20180723-1.el8.noarch
DEBUG util.py:537:  perl-Env-1.04-395.el8.noarch
DEBUG util.py:537:  ncurses-base-6.1-10.20180224.el8.noarch
DEBUG util.py:537:  perl-IPC-Cmd-1.02-1.el8.noarch
DEBUG util.py:537:  libselinux-2.9-11.el8_10.x86_64
DEBUG util.py:537:  perl-File-Fetch-0.56-2.el8.noarch
DEBUG util.py:537:  ncurses-libs-6.1-10.20180224.el8.x86_64
DEBUG util.py:537:  perl-IPC-System-Simple-1.25-17.el8.noarch
DEBUG util.py:537:  glibc-common-2.28-251.el8_10.40.x86_64
DEBUG util.py:537:  perl-Locale-Codes-3.57-1.el8.noarch
DEBUG util.py:537:  bash-4.4.20-6.el8_10.x86_64
DEBUG util.py:537:  perl-Module-Loaded-0.08-423.el8_10.noarch
DEBUG util.py:537:  zlib-1.2.11-25.el8.x86_64
DEBUG util.py:537:  perl-Sub-Exporter-0.987-15.el8.noarch
DEBUG util.py:537:  bzip2-libs-1.0.6-28.el8_10.x86_64
DEBUG util.py:537:  perl-Pod-Parser-1.63-396.el8.noarch
DEBUG util.py:537:  gmp-6.1.2-11.el8.x86_64
DEBUG util.py:537:  perl-Test-1.30-423.el8_10.noarch
DEBUG util.py:537:  libstdc++-8.5.0-28.el8_10.alma.1.x86_64
DEBUG util.py:537:  perl-Text-Glob-0.11-4.el8.noarch
DEBUG util.py:537:  libzstd-1.4.4-1.el8.x86_64
DEBUG util.py:537:  perl-Time-Piece-1.31-423.el8_10.x86_64
DEBUG util.py:537:  mpfr-3.1.6-1.el8.x86_64
DEBUG util.py:537:  perl-local-lib-2.000024-2.el8.noarch
DEBUG util.py:537:  sqlite-libs-3.26.0-21.el8_10.x86_64
DEBUG util.py:537:  perl-Thread-Queue-3.13-1.el8.noarch
DEBUG util.py:537:  popt-1.18-1.el8.x86_64
DEBUG util.py:537:  perl-File-HomeDir-1.002-4.el8.noarch
DEBUG util.py:537:  libcom_err-1.45.6-7.el8_10.x86_64
DEBUG util.py:537:  perl-MRO-Compat-0.13-4.el8.noarch
DEBUG util.py:537:  chkconfig-1.19.2-1.el8.x86_64
DEBUG util.py:537:  perl-Software-License-0.103013-2.el8.noarch
DEBUG util.py:537:  libffi-3.1-24.el8.x86_64
DEBUG util.py:537:  perl-PerlIO-via-QuotedPrint-0.08-395.el8.noarch
DEBUG util.py:537:  lua-libs-5.3.4-12.el8.x86_64
DEBUG util.py:537:  perl-CPAN-2.18-402.el8_10.noarch
DEBUG util.py:537:  libidn2-2.2.0-1.el8.x86_64
DEBUG util.py:537:  zlib-devel-1.2.11-25.el8.x86_64
DEBUG util.py:537:  file-libs-5.33-27.el8_10.x86_64
DEBUG util.py:537:  file-5.33-27.el8_10.x86_64
DEBUG util.py:537:  unzip-6.0-48.el8_10.x86_64
DEBUG util.py:537:  elfutils-default-yama-scope-0.190-2.el8.alma.1.noarch
DEBUG util.py:537:  expat-2.5.0-2.el8_10.x86_64
DEBUG util.py:537:  keyutils-libs-1.5.10-9.el8.x86_64
DEBUG util.py:537:  audit-libs-3.1.2-1.el8_10.1.x86_64
DEBUG util.py:537:  p11-kit-trust-0.23.22-2.el8.x86_64
DEBUG util.py:537:  pcre-8.42-6.el8.x86_64
DEBUG util.py:537:  xz-5.2.4-4.el8_6.x86_64
DEBUG util.py:537:  gdbm-1.18-2.el8.x86_64
DEBUG util.py:537:  zip-3.0-23.el8.x86_64
DEBUG util.py:537:  cpp-8.5.0-28.el8_10.alma.1.x86_64
DEBUG util.py:537:  libassuan-2.5.1-3.el8.x86_64
DEBUG util.py:537:  dwz-0.12-10.el8.x86_64
DEBUG util.py:537:  zstd-1.4.4-1.el8.x86_64
DEBUG util.py:537:  nettle-3.4.1-7.el8.x86_64
DEBUG util.py:537:  isl-0.16.1-6.el8.x86_64
DEBUG util.py:537:  bzip2-1.0.6-28.el8_10.x86_64
DEBUG util.py:537:  diffutils-3.6-6.el8.x86_64
DEBUG util.py:537:  brotli-1.0.6-4.el8_10.x86_64
DEBUG util.py:537:  libnghttp2-1.33.0-6.el8_10.3.x86_64
DEBUG util.py:537:  pkgconf-1.4.2-1.el8.x86_64
DEBUG util.py:537:  libsigsegv-2.11-5.el8.x86_64
DEBUG util.py:537:  libsmartcols-2.32.1-48.el8_10.x86_64
DEBUG util.py:537:  libverto-0.3.2-2.el8.x86_64
DEBUG util.py:537:  openssl-libs-1.1.1k-17.el8_6.x86_64
DEBUG util.py:537:  ca-certificates-2025.2.80_v9.0.304-80.2.el8_10.noarch
DEBUG util.py:537:  krb5-libs-1.18.2-34.el8_10.x86_64
DEBUG util.py:537:  libblkid-2.32.1-48.el8_10.x86_64
DEBUG util.py:537:  systemd-libs-239-82.el8_10.17.x86_64
DEBUG util.py:537:  platform-python-setuptools-39.2.0-9.el8_10.noarch
DEBUG util.py:537:  python3-libs-3.6.8-78.el8_10.alma.1.x86_64
DEBUG util.py:537:  gzip-1.9-13.el8_5.x86_64
DEBUG util.py:537:  cracklib-dicts-2.9.6-15.el8.x86_64
DEBUG util.py:537:  libutempter-1.1.6-14.el8.x86_64
DEBUG util.py:537:  ima-evm-utils-1.3.2-12.el8.x86_64
DEBUG util.py:537:  pam-1.3.1-40.el8_10.x86_64
DEBUG util.py:537:  glib2-2.56.4-170.el8_10.x86_64
DEBUG util.py:537:  libfdisk-2.32.1-48.el8_10.x86_64
DEBUG util.py:537:  openldap-2.4.46-21.el8_10.x86_64
DEBUG util.py:537:  libarchive-3.3.3-7.el8_10.x86_64
DEBUG util.py:537:  gnupg2-2.2.20-4.el8_10.x86_64
DEBUG util.py:537:  gc-7.6.4-3.el8.x86_64
DEBUG util.py:537:  libipt-1.6.1-8.el8.x86_64
DEBUG util.py:537:  libssh-0.9.6-16.el8_10.x86_64
DEBUG util.py:537:  curl-7.61.1-34.el8_10.13.x86_64
DEBUG util.py:537:  rpm-4.14.3-32.el8_10.x86_64
DEBUG util.py:537:  lua-srpm-macros-1-13.el8.noarch
DEBUG util.py:537:  gdb-headless-8.2-20.el8.x86_64
DEBUG util.py:537:  glibc-headers-2.28-251.el8_10.40.x86_64
DEBUG util.py:537:  libxcrypt-devel-4.1.1-6.el8.x86_64
DEBUG util.py:537:  gcc-plugin-annobin-8.5.0-28.el8_10.alma.1.x86_64
DEBUG util.py:537:  redhat-rpm-config-131-1.el8.alma.noarch
DEBUG util.py:537:  gcc-c++-8.5.0-28.el8_10.alma.1.x86_64
DEBUG util.py:537:  util-linux-2.32.1-48.el8_10.x86_64
DEBUG util.py:537:  make-4.2.1-11.el8.x86_64
DEBUG util.py:537:  systemtap-sdt-devel-4.9-3.el8.x86_64
DEBUG util.py:537:  groff-base-1.22.3-18.el8.x86_64
DEBUG util.py:537:  perl-Digest-MD5-2.55-396.el8.x86_64
DEBUG util.py:537:  perl-libnet-3.11-3.el8.noarch
DEBUG util.py:537:  perl-Pod-Escapes-1.07-395.el8.noarch
DEBUG util.py:537:  perl-Time-Local-1.280-1.el8.noarch
DEBUG util.py:537:  perl-IO-Socket-SSL-2.066-4.module_el8.6.0+2811+fe6c84b0.noarch
DEBUG util.py:537:  perl-Term-ANSIColor-4.06-396.el8.noarch
DEBUG util.py:537:  perl-File-Temp-0.230.600-1.el8.noarch
DEBUG util.py:537:  perl-Pod-Simple-3.35-395.el8.noarch
DEBUG util.py:537:  perl-Pod-Perldoc-3.28-396.el8.noarch
DEBUG util.py:537:  perl-Pod-Usage-1.69-395.el8.noarch
DEBUG util.py:537:  perl-Storable-3.11-3.el8.x86_64
DEBUG util.py:537:  perl-Errno-1.28-423.el8_10.x86_64
DEBUG util.py:537:  perl-Encode-2.97-3.el8.x86_64
DEBUG util.py:537:  perl-Exporter-5.72-396.el8.noarch
DEBUG util.py:537:  perl-Scalar-List-Utils-1.49-2.el8.x86_64
DEBUG util.py:537:  perl-macros-5.26.3-423.el8_10.x86_64
DEBUG util.py:537:  perl-Unicode-Normalize-1.25-396.el8.x86_64
DEBUG util.py:537:  perl-IO-1.38-423.el8_10.x86_64
DEBUG util.py:537:  perl-constant-1.33-396.el8.noarch
DEBUG util.py:537:  perl-threads-shared-1.58-2.el8.x86_64
DEBUG util.py:537:  perl-version-0.99.24-1.el8.x86_64
DEBUG util.py:537:  perl-CPAN-Meta-Requirements-2.140-396.el8.noarch
DEBUG util.py:537:  perl-ExtUtils-ParseXS-3.35-2.el8.noarch
DEBUG util.py:537:  perl-Module-CoreList-5.20181130-1.el8.noarch
DEBUG util.py:537:  perl-Compress-Raw-Zlib-2.081-1.el8.x86_64
DEBUG util.py:537:  perl-SelfLoader-1.23-423.el8_10.noarch
DEBUG util.py:537:  perl-Perl-OSType-1.010-396.el8.noarch
DEBUG util.py:537:  perl-encoding-2.22-3.el8.x86_64
DEBUG util.py:537:  perl-Compress-Raw-Bzip2-2.081-1.el8.x86_64
DEBUG util.py:537:  perl-IO-Zlib-1.10-423.el8_10.noarch
DEBUG util.py:537:  perl-Math-BigInt-1.9998.11-7.el8.noarch
DEBUG util.py:537:  perl-Math-BigRat-0.2614-1.el8.noarch
DEBUG util.py:537:  perl-CPAN-Meta-2.150010-396.el8.noarch
DEBUG util.py:537:  perl-ExtUtils-Command-7.34-1.el8.noarch
DEBUG util.py:537:  perl-ExtUtils-Install-2.14-4.el8.noarch
DEBUG util.py:537:  perl-ExtUtils-Embed-1.34-423.el8_10.noarch
DEBUG util.py:537:  perl-Locale-Maketext-Simple-0.21-423.el8_10.noarch
DEBUG util.py:537:  perl-Module-Load-Conditional-0.68-395.el8.noarch
DEBUG util.py:688:  Child return code was: 0
DEBUG util.py:200:  kill orphans in chroot /var/lib/mock/alma+epel-8-x86_64/root
DEBUG util.py:200:  kill orphans in chroot /var/lib/mock/alma+epel-8-x86_64-bootstrap/root/var/lib/mock/alma+epel-8-x86_64/root
DEBUG util.py:717:  child environment: None
DEBUG util.py:636:  Executing command: ['/bin/umount', '-n', '-l', '/var/lib/mock/alma+epel-8-x86_64-bootstrap/root/var/lib/mock/alma+epel-8-x86_64/root'] with env {'TERM': 'vt100', 'SHELL': '/bin/sh', 'HOME': '/builddir', 'HOSTNAME': 'mock', 'PATH': '/usr/bin:/bin:/usr/sbin:/sbin', 'LANG': 'C.UTF-8'} and shell False
DEBUG util.py:688:  Child return code was: 0
DEBUG util.py:717:  child environment: None
DEBUG util.py:636:  Executing command: ['/bin/umount', '-n', '-l', '/var/lib/mock/alma+epel-8-x86_64-bootstrap/root/var/lib/mock/alma+epel-8-x86_64/root'] with env {'TERM': 'vt100', 'SHELL': '/bin/sh', 'HOME': '/builddir', 'HOSTNAME': 'mock', 'PATH': '/usr/bin:/bin:/usr/sbin:/sbin', 'LANG': 'C.UTF-8'} and shell False
DEBUG util.py:688:  Child return code was: 0
DEBUG file_util.py:17:  ensuring that dir exists: /var/lib/mock/alma+epel-8-x86_64-bootstrap/root/var/lib/mock/alma+epel-8-x86_64/root
DEBUG util.py:717:  child environment: None
DEBUG util.py:636:  Executing command: ['/bin/mount', '-n', '-t', 'tmpfs', '-o', 'private,mode=0755', 'tmpfs', '/var/lib/mock/alma+epel-8-x86_64-bootstrap/root/var/lib/mock/alma+epel-8-x86_64/root'] with env {'TERM': 'vt100', 'SHELL': '/bin/sh', 'HOME': '/builddir', 'HOSTNAME': 'mock', 'PATH': '/usr/bin:/bin:/usr/sbin:/sbin', 'LANG': 'C.UTF-8'} and shell False
DEBUG util.py:688:  Child return code was: 0
DEBUG file_util.py:17:  ensuring that dir exists: /var/lib/mock/alma+epel-8-x86_64-bootstrap/root/var/lib/mock/alma+epel-8-x86_64/root
DEBUG util.py:717:  child environment: None
DEBUG util.py:636:  Executing command: ['/bin/mount', '-n', '-o', 'rbind', '/var/lib/mock/alma+epel-8-x86_64/root', '/var/lib/mock/alma+epel-8-x86_64-bootstrap/root/var/lib/mock/alma+epel-8-x86_64/root'] with env {'TERM': 'vt100', 'SHELL': '/bin/sh', 'HOME': '/builddir', 'HOSTNAME': 'mock', 'PATH': '/usr/bin:/bin:/usr/sbin:/sbin', 'LANG': 'C.UTF-8'} and shell False
DEBUG util.py:688:  Child return code was: 0
DEBUG util.py:717:  child environment: None
DEBUG util.py:636:  Executing command: ['/bin/mount', '-n', '-o', 'remount,private,rbind', '--target', '/var/lib/mock/alma+epel-8-x86_64-bootstrap/root/var/lib/mock/alma+epel-8-x86_64/root'] with env {'TERM': 'vt100', 'SHELL': '/bin/sh', 'HOME': '/builddir', 'HOSTNAME': 'mock', 'PATH': '/usr/bin:/bin:/usr/sbin:/sbin', 'LANG': 'C.UTF-8'} and shell False
DEBUG util.py:688:  Child return code was: 0
DEBUG util.py:717:  child environment: None
DEBUG util.py:631:  Using nspawn with args ['--capability=cap_ipc_lock', '--resolv-conf=off']
DEBUG util.py:636:  Executing command: ['/usr/bin/systemd-nspawn', '-q', '-M', 'e9cf138eb02f46e4b373c38649ab7802', '-D', '/var/lib/mock/alma+epel-8-x86_64-bootstrap/root', '-a', '--capability=cap_ipc_lock', '--resolv-conf=off', '--setenv=TERM=vt100', '--setenv=SHELL=/bin/bash', '--setenv=HOME=/builddir', '--setenv=HOSTNAME=mock', '--setenv=PATH=/usr/bin:/bin:/usr/sbin:/sbin', '--setenv=PROMPT_COMMAND=printf "\\033]0;<mock-chroot>\\007"', '--setenv=PS1=<mock-chroot> \\s-\\v\\$ ', '--setenv=LANG=C.UTF-8', '/bin/rpm', '-qa', '--root', '/var/lib/mock/alma+epel-8-x86_64/root'] with env {'TERM': 'vt100', 'SHELL': '/bin/bash', 'HOME': '/builddir', 'HOSTNAME': 'mock', 'PATH': '/usr/bin:/bin:/usr/sbin:/sbin', 'PROMPT_COMMAND': 'printf "\\033]0;<mock-chroot>\\007"', 'PS1': '<mock-chroot> \\s-\\v\\$ ', 'LANG': 'C.UTF-8', 'SYSTEMD_NSPAWN_TMPFS_TMP': '0', 'SYSTEMD_SECCOMP': '0'} and shell False
DEBUG util.py:537:  perl-Pod-Html-1.22.02-423.el8_10.noarch
DEBUG util.py:537:  gpg-pubkey-ced7258b-6525146f
DEBUG util.py:537:  perl-Data-OptList-0.110-6.el8.noarch
DEBUG util.py:537:  libgcc-8.5.0-28.el8_10.alma.1.x86_64
DEBUG util.py:537:  perl-libnetcfg-5.26.3-423.el8_10.noarch
DEBUG util.py:537:  crypto-policies-20230731-1.git3177e06.el8.noarch
DEBUG util.py:537:  perl-Encode-devel-2.97-3.el8.x86_64
DEBUG util.py:537:  python3-setuptools-wheel-39.2.0-9.el8_10.noarch
DEBUG util.py:537:  perl-Math-BigInt-FastCalc-0.500.600-6.el8.x86_64
DEBUG util.py:537:  almalinux-release-8.10-1.el8.x86_64
DEBUG util.py:537:  perl-Filter-Simple-0.94-2.el8.noarch
DEBUG util.py:537:  filesystem-3.8-6.el8.x86_64
DEBUG util.py:537:  perl-Archive-Zip-1.60-3.el8.noarch
DEBUG util.py:537:  python3-rpm-macros-3-45.el8.noarch
DEBUG util.py:537:  perl-experimental-0.019-2.el8.noarch
DEBUG util.py:537:  ansible-srpm-macros-1-12.el8.noarch
DEBUG util.py:537:  perl-Text-Diff-1.45-2.el8.noarch
DEBUG util.py:537:  qt5-srpm-macros-5.15.3-1.el8.noarch
DEBUG util.py:537:  perl-Attribute-Handlers-0.99-423.el8_10.noarch
DEBUG util.py:537:  openblas-srpm-macros-2-2.el8.noarch
DEBUG util.py:537:  perl-Compress-Bzip2-2.26-6.el8.x86_64
DEBUG util.py:537:  go-srpm-macros-2-17.el8.noarch
DEBUG util.py:537:  perl-DB_File-1.842-1.el8.x86_64
DEBUG util.py:537:  tzdata-2026c-1.el8_10.noarch
DEBUG util.py:537:  perl-Devel-Size-0.81-2.el8.x86_64
DEBUG util.py:537:  pkgconf-m4-1.4.2-1.el8.noarch
DEBUG util.py:537:  perl-ExtUtils-MM-Utils-7.34-1.el8.noarch
DEBUG util.py:537:  pcre2-10.32-3.el8_6.x86_64
DEBUG util.py:537:  perl-ExtUtils-CBuilder-0.280230-2.el8.noarch
DEBUG util.py:537:  glibc-all-langpacks-2.28-251.el8_10.40.x86_64
DEBUG util.py:537:  perl-IPC-SysV-2.07-397.el8.x86_64
DEBUG util.py:537:  glibc-gconv-extra-2.28-251.el8_10.40.x86_64
DEBUG util.py:537:  perl-autodie-2.29-396.el8.noarch
DEBUG util.py:537:  glibc-2.28-251.el8_10.40.x86_64
DEBUG util.py:537:  perl-Memoize-1.03-423.el8_10.noarch
DEBUG util.py:537:  libsepol-2.9-3.el8.x86_64
DEBUG util.py:537:  perl-Package-Generator-1.106-11.el8.noarch
DEBUG util.py:537:  info-6.5-7.el8.x86_64
DEBUG util.py:537:  perl-Pod-Checker-1.73-395.el8.noarch
DEBUG util.py:537:  xz-libs-5.2.4-4.el8_6.x86_64
DEBUG util.py:537:  perl-Sys-Syslog-0.35-397.el8.x86_64
DEBUG util.py:537:  libacl-2.4.0-1.el8_10.x86_64
DEBUG util.py:537:  perl-Test-Simple-1.302135-1.el8.noarch
DEBUG util.py:537:  libxcrypt-4.1.1-6.el8.x86_64
DEBUG util.py:537:  perl-Text-Template-1.51-1.el8.noarch
DEBUG util.py:537:  elfutils-libelf-0.190-2.el8.alma.1.x86_64
DEBUG util.py:537:  perl-Unicode-Collate-1.25-2.el8.x86_64
DEBUG util.py:537:  readline-7.0-10.el8.x86_64
DEBUG util.py:537:  perl-utils-5.26.3-423.el8_10.noarch
DEBUG util.py:537:  libcap-2.48-6.el8_10.1.x86_64
DEBUG util.py:537:  perl-File-Which-1.22-2.el8.noarch
DEBUG util.py:537:  sed-4.5-5.el8_10.x86_64
DEBUG util.py:537:  perl-Devel-Peek-1.26-423.el8_10.x86_64
DEBUG util.py:537:  libuuid-2.32.1-48.el8_10.x86_64
DEBUG util.py:537:  perl-Data-Section-0.200007-3.el8.noarch
DEBUG util.py:537:  libunistring-0.9.9-3.el8.x86_64
DEBUG util.py:537:  perl-Module-Build-0.42.24-5.el8.noarch
DEBUG util.py:537:  libgpg-error-1.31-1.el8.x86_64
DEBUG util.py:537:  perl-perlfaq-5.20180605-1.el8.noarch
DEBUG util.py:537:  p11-kit-0.23.22-2.el8.x86_64
DEBUG util.py:537:  perl-5.26.3-423.el8_10.x86_64
DEBUG util.py:537:  libmpc-1.1.0-9.1.el8.x86_64
DEBUG util.py:537:  libattr-2.6.0-1.el8_10.x86_64
DEBUG util.py:537:  libgcrypt-1.8.5-8.el8_10.x86_64
DEBUG util.py:537:  findutils-4.6.0-24.el8_10.x86_64
DEBUG util.py:537:  elfutils-libs-0.190-2.el8.alma.1.x86_64
DEBUG util.py:537:  gdbm-libs-1.18-2.el8.x86_64
DEBUG util.py:537:  libcap-ng-0.7.11-1.el8.x86_64
DEBUG util.py:537:  libtasn1-4.13-6.el8_10.x86_64
DEBUG util.py:537:  lz4-libs-1.8.3-5.el8_10.x86_64
DEBUG util.py:537:  grep-3.1-6.el8.x86_64
DEBUG util.py:537:  libsemanage-2.9-12.el8_10.x86_64
DEBUG util.py:537:  elfutils-0.190-2.el8.alma.1.x86_64
DEBUG util.py:537:  patch-2.7.6-11.el8.x86_64
DEBUG util.py:537:  libpsl-0.20.2-6.el8.x86_64
DEBUG util.py:537:  libksba-1.3.5-9.el8_7.x86_64
DEBUG util.py:537:  libstdc++-devel-8.5.0-28.el8_10.alma.1.x86_64
DEBUG util.py:537:  tar-1.30-11.el8_10.x86_64
DEBUG util.py:537:  gnutls-3.6.16-8.el8_10.6.x86_64
DEBUG util.py:537:  libxml2-2.9.7-21.el8_10.6.x86_64
DEBUG util.py:537:  coreutils-common-8.30-20.el8_10.x86_64
DEBUG util.py:537:  libgomp-8.5.0-28.el8_10.alma.1.x86_64
DEBUG util.py:537:  cpio-2.12-11.el8.x86_64
DEBUG util.py:537:  libpkgconf-1.4.2-1.el8.x86_64
DEBUG util.py:537:  pkgconf-pkg-config-1.4.2-1.el8.x86_64
DEBUG util.py:537:  gawk-4.2.1-4.el8.x86_64
DEBUG util.py:537:  libtool-ltdl-2.4.6-25.el8.x86_64
DEBUG util.py:537:  ncurses-6.1-10.20180224.el8.x86_64
DEBUG util.py:537:  coreutils-8.30-20.el8_10.x86_64
DEBUG util.py:537:  libdb-5.3.28-42.el8_4.x86_64
DEBUG util.py:537:  libtirpc-1.1.4-12.el8_10.x86_64
DEBUG util.py:537:  libmount-2.32.1-48.el8_10.x86_64
DEBUG util.py:537:  libnsl2-1.2.0-2.20180605git4a062cf.el8.x86_64
DEBUG util.py:537:  platform-python-3.6.8-78.el8_10.alma.1.x86_64
DEBUG util.py:537:  binutils-2.30-128.el8_10.x86_64
DEBUG util.py:537:  cracklib-2.9.6-15.el8.x86_64
DEBUG util.py:537:  shadow-utils-4.6-23.el8_10.x86_64
DEBUG util.py:537:  tpm2-tss-2.3.2-6.el8.x86_64
DEBUG util.py:537:  libpwquality-1.4.4-6.el8.x86_64
DEBUG util.py:537:  libusbx-1.0.30-1.el8_10.x86_64
DEBUG util.py:537:  libbabeltrace-1.5.4-4.el8.x86_64
DEBUG util.py:537:  cyrus-sasl-lib-2.1.27-6.el8_5.x86_64
DEBUG util.py:537:  libdb-utils-5.3.28-42.el8_4.x86_64
DEBUG util.py:537:  npth-1.5-4.el8.x86_64
DEBUG util.py:537:  libatomic_ops-7.6.2-3.el8.x86_64
DEBUG util.py:537:  guile-2.0.14-7.el8.x86_64
DEBUG util.py:537:  libssh-config-0.9.6-16.el8_10.noarch
DEBUG util.py:537:  libcurl-7.61.1-34.el8_10.13.x86_64
DEBUG util.py:537:  rpm-libs-4.14.3-32.el8_10.x86_64
DEBUG util.py:537:  efi-srpm-macros-3-3.el8.noarch
DEBUG util.py:537:  rpm-build-libs-4.14.3-32.el8_10.x86_64
DEBUG util.py:537:  kernel-headers-4.18.0-553.158.1.el8_10.x86_64
DEBUG util.py:537:  glibc-devel-2.28-251.el8_10.40.x86_64
DEBUG util.py:537:  gcc-8.5.0-28.el8_10.alma.1.x86_64
DEBUG util.py:537:  annobin-11.13-2.el8.x86_64
DEBUG util.py:537:  rpm-build-4.14.3-32.el8_10.x86_64
DEBUG util.py:537:  epel-rpm-macros-8-43.noarch
DEBUG util.py:537:  which-2.21-21.el8_10.x86_64
DEBUG util.py:537:  python3-pyparsing-2.1.10-7.el8.noarch
DEBUG util.py:537:  openssl-1.1.1k-17.el8_6.x86_64
DEBUG util.py:537:  perl-Digest-1.17-395.el8.noarch
DEBUG util.py:537:  perl-Data-Dumper-2.167-399.el8.x86_64
DEBUG util.py:537:  perl-URI-1.73-3.el8.noarch
DEBUG util.py:537:  perl-IO-Socket-IP-0.39-5.el8.noarch
DEBUG util.py:537:  perl-Mozilla-CA-20160104-7.module_el8.5.0+2812+ed912d05.noarch
DEBUG util.py:537:  perl-Net-SSLeay-1.88-2.module_el8.6.0+2811+fe6c84b0.x86_64
DEBUG util.py:537:  perl-Term-Cap-1.17-395.el8.noarch
DEBUG util.py:537:  perl-HTTP-Tiny-0.074-3.el8.noarch
DEBUG util.py:537:  perl-podlators-4.11-1.el8.noarch
DEBUG util.py:537:  perl-Text-ParseWords-3.30-395.el8.noarch
DEBUG util.py:537:  perl-MIME-Base64-3.15-396.el8.x86_64
DEBUG util.py:537:  perl-Getopt-Long-2.50-4.el8.noarch
DEBUG util.py:537:  perl-Socket-2.027-3.el8.x86_64
DEBUG util.py:537:  perl-Carp-1.42-396.el8.noarch
DEBUG util.py:537:  perl-libs-5.26.3-423.el8_10.x86_64
DEBUG util.py:537:  perl-parent-0.237-1.el8.noarch
DEBUG util.py:537:  perl-Text-Tabs+Wrap-2013.0523-395.el8.noarch
DEBUG util.py:537:  perl-File-Path-2.15-2.el8.noarch
DEBUG util.py:537:  perl-PathTools-3.74-1.el8.x86_64
DEBUG util.py:537:  perl-threads-2.21-2.el8.x86_64
DEBUG util.py:537:  perl-interpreter-5.26.3-423.el8_10.x86_64
DEBUG util.py:537:  perl-Time-HiRes-1.9758-2.el8.x86_64
DEBUG util.py:537:  perl-ExtUtils-Manifest-1.70-395.el8.noarch
DEBUG util.py:537:  perl-Test-Harness-3.42-1.el8.noarch
DEBUG util.py:537:  perl-Module-Metadata-1.000033-395.el8.noarch
DEBUG util.py:537:  perl-Filter-1.58-2.el8.x86_64
DEBUG util.py:537:  perl-Module-Load-0.32-395.el8.noarch
DEBUG util.py:537:  perl-Text-Balanced-2.03-395.el8.noarch
DEBUG util.py:537:  perl-Net-Ping-2.55-423.el8_10.noarch
DEBUG util.py:537:  perl-IO-Compress-2.081-2.el8_10.noarch
DEBUG util.py:537:  perl-Math-Complex-1.59-423.el8_10.noarch
DEBUG util.py:537:  perl-JSON-PP-2.97.001-3.el8.noarch
DEBUG util.py:537:  perl-CPAN-Meta-YAML-0.018-397.el8.noarch
DEBUG util.py:537:  perl-Digest-SHA-6.02-1.el8.x86_64
DEBUG util.py:537:  perl-devel-5.26.3-423.el8_10.x86_64
DEBUG util.py:537:  perl-ExtUtils-MakeMaker-7.34-1.el8.noarch
DEBUG util.py:537:  perl-Locale-Maketext-1.28-396.el8.noarch
DEBUG util.py:537:  perl-Params-Check-0.38-395.el8.noarch
DEBUG util.py:537:  perl-Params-Util-1.07-22.el8.x86_64
DEBUG util.py:537:  gpg-pubkey-3abb34f8-5ffd890e
DEBUG util.py:537:  perl-Sub-Install-0.928-14.el8.noarch
DEBUG util.py:537:  gpg-pubkey-2f86d6a1-5cf7cefb
DEBUG util.py:537:  perl-ExtUtils-Miniperl-1.06-423.el8_10.noarch
DEBUG util.py:537:  python-srpm-macros-3-45.el8.noarch
DEBUG util.py:537:  perl-inc-latest-0.500-9.el8.noarch
DEBUG util.py:537:  python-rpm-macros-3-45.el8.noarch
DEBUG util.py:537:  perl-bignum-0.49-2.el8.noarch
DEBUG util.py:537:  python3-pip-wheel-9.0.3-24.el8.noarch
DEBUG util.py:537:  perl-open-1.11-423.el8_10.noarch
DEBUG util.py:537:  setup-2.12.2-9.el8.noarch
DEBUG util.py:537:  perl-Devel-SelfStubber-1.06-423.el8_10.noarch
DEBUG util.py:537:  basesystem-11-5.el8.noarch
DEBUG util.py:537:  perl-Module-CoreList-tools-5.20181130-1.el8.noarch
DEBUG util.py:537:  fpc-srpm-macros-1.3-1.el8.noarch
DEBUG util.py:537:  perl-Algorithm-Diff-1.1903-9.el8.noarch
DEBUG util.py:537:  rust-srpm-macros-5-2.el8.noarch
DEBUG util.py:537:  perl-Archive-Tar-2.30-3.el8_10.noarch
DEBUG util.py:537:  perl-srpm-macros-1-25.el8.noarch
DEBUG util.py:537:  perl-B-Debug-1.26-2.el8.noarch
DEBUG util.py:537:  ocaml-srpm-macros-5-4.el8.noarch
DEBUG util.py:537:  perl-Config-Perl-V-0.30-1.el8.noarch
DEBUG util.py:537:  ghc-srpm-macros-1.4.2-7.el8.noarch
DEBUG util.py:537:  perl-Devel-PPPort-3.36-5.el8.x86_64
DEBUG util.py:537:  publicsuffix-list-dafsa-20180723-1.el8.noarch
DEBUG util.py:537:  perl-Env-1.04-395.el8.noarch
DEBUG util.py:537:  ncurses-base-6.1-10.20180224.el8.noarch
DEBUG util.py:537:  perl-IPC-Cmd-1.02-1.el8.noarch
DEBUG util.py:537:  libselinux-2.9-11.el8_10.x86_64
DEBUG util.py:537:  perl-File-Fetch-0.56-2.el8.noarch
DEBUG util.py:537:  ncurses-libs-6.1-10.20180224.el8.x86_64
DEBUG util.py:537:  perl-IPC-System-Simple-1.25-17.el8.noarch
DEBUG util.py:537:  glibc-common-2.28-251.el8_10.40.x86_64
DEBUG util.py:537:  perl-Locale-Codes-3.57-1.el8.noarch
DEBUG util.py:537:  bash-4.4.20-6.el8_10.x86_64
DEBUG util.py:537:  perl-Module-Loaded-0.08-423.el8_10.noarch
DEBUG util.py:537:  zlib-1.2.11-25.el8.x86_64
DEBUG util.py:537:  perl-Sub-Exporter-0.987-15.el8.noarch
DEBUG util.py:537:  bzip2-libs-1.0.6-28.el8_10.x86_64
DEBUG util.py:537:  perl-Pod-Parser-1.63-396.el8.noarch
DEBUG util.py:537:  gmp-6.1.2-11.el8.x86_64
DEBUG util.py:537:  perl-Test-1.30-423.el8_10.noarch
DEBUG util.py:537:  libstdc++-8.5.0-28.el8_10.alma.1.x86_64
DEBUG util.py:537:  perl-Text-Glob-0.11-4.el8.noarch
DEBUG util.py:537:  libzstd-1.4.4-1.el8.x86_64
DEBUG util.py:537:  perl-Time-Piece-1.31-423.el8_10.x86_64
DEBUG util.py:537:  mpfr-3.1.6-1.el8.x86_64
DEBUG util.py:537:  perl-local-lib-2.000024-2.el8.noarch
DEBUG util.py:537:  sqlite-libs-3.26.0-21.el8_10.x86_64
DEBUG util.py:537:  perl-Thread-Queue-3.13-1.el8.noarch
DEBUG util.py:537:  popt-1.18-1.el8.x86_64
DEBUG util.py:537:  perl-File-HomeDir-1.002-4.el8.noarch
DEBUG util.py:537:  libcom_err-1.45.6-7.el8_10.x86_64
DEBUG util.py:537:  perl-MRO-Compat-0.13-4.el8.noarch
DEBUG util.py:537:  chkconfig-1.19.2-1.el8.x86_64
DEBUG util.py:537:  perl-Software-License-0.103013-2.el8.noarch
DEBUG util.py:537:  libffi-3.1-24.el8.x86_64
DEBUG util.py:537:  perl-PerlIO-via-QuotedPrint-0.08-395.el8.noarch
DEBUG util.py:537:  lua-libs-5.3.4-12.el8.x86_64
DEBUG util.py:537:  perl-CPAN-2.18-402.el8_10.noarch
DEBUG util.py:537:  libidn2-2.2.0-1.el8.x86_64
DEBUG util.py:537:  zlib-devel-1.2.11-25.el8.x86_64
DEBUG util.py:537:  file-libs-5.33-27.el8_10.x86_64
DEBUG util.py:537:  file-5.33-27.el8_10.x86_64
DEBUG util.py:537:  unzip-6.0-48.el8_10.x86_64
DEBUG util.py:537:  elfutils-default-yama-scope-0.190-2.el8.alma.1.noarch
DEBUG util.py:537:  expat-2.5.0-2.el8_10.x86_64
DEBUG util.py:537:  keyutils-libs-1.5.10-9.el8.x86_64
DEBUG util.py:537:  audit-libs-3.1.2-1.el8_10.1.x86_64
DEBUG util.py:537:  p11-kit-trust-0.23.22-2.el8.x86_64
DEBUG util.py:537:  pcre-8.42-6.el8.x86_64
DEBUG util.py:537:  xz-5.2.4-4.el8_6.x86_64
DEBUG util.py:537:  gdbm-1.18-2.el8.x86_64
DEBUG util.py:537:  zip-3.0-23.el8.x86_64
DEBUG util.py:537:  cpp-8.5.0-28.el8_10.alma.1.x86_64
DEBUG util.py:537:  libassuan-2.5.1-3.el8.x86_64
DEBUG util.py:537:  dwz-0.12-10.el8.x86_64
DEBUG util.py:537:  zstd-1.4.4-1.el8.x86_64
DEBUG util.py:537:  nettle-3.4.1-7.el8.x86_64
DEBUG util.py:537:  isl-0.16.1-6.el8.x86_64
DEBUG util.py:537:  bzip2-1.0.6-28.el8_10.x86_64
DEBUG util.py:537:  diffutils-3.6-6.el8.x86_64
DEBUG util.py:537:  brotli-1.0.6-4.el8_10.x86_64
DEBUG util.py:537:  libnghttp2-1.33.0-6.el8_10.3.x86_64
DEBUG util.py:537:  pkgconf-1.4.2-1.el8.x86_64
DEBUG util.py:537:  libsigsegv-2.11-5.el8.x86_64
DEBUG util.py:537:  libsmartcols-2.32.1-48.el8_10.x86_64
DEBUG util.py:537:  libverto-0.3.2-2.el8.x86_64
DEBUG util.py:537:  openssl-libs-1.1.1k-17.el8_6.x86_64
DEBUG util.py:537:  ca-certificates-2025.2.80_v9.0.304-80.2.el8_10.noarch
DEBUG util.py:537:  krb5-libs-1.18.2-34.el8_10.x86_64
DEBUG util.py:537:  libblkid-2.32.1-48.el8_10.x86_64
DEBUG util.py:537:  systemd-libs-239-82.el8_10.17.x86_64
DEBUG util.py:537:  platform-python-setuptools-39.2.0-9.el8_10.noarch
DEBUG util.py:537:  python3-libs-3.6.8-78.el8_10.alma.1.x86_64
DEBUG util.py:537:  gzip-1.9-13.el8_5.x86_64
DEBUG util.py:537:  cracklib-dicts-2.9.6-15.el8.x86_64
DEBUG util.py:537:  libutempter-1.1.6-14.el8.x86_64
DEBUG util.py:537:  ima-evm-utils-1.3.2-12.el8.x86_64
DEBUG util.py:537:  pam-1.3.1-40.el8_10.x86_64
DEBUG util.py:537:  glib2-2.56.4-170.el8_10.x86_64
DEBUG util.py:537:  libfdisk-2.32.1-48.el8_10.x86_64
DEBUG util.py:537:  openldap-2.4.46-21.el8_10.x86_64
DEBUG util.py:537:  libarchive-3.3.3-7.el8_10.x86_64
DEBUG util.py:537:  gnupg2-2.2.20-4.el8_10.x86_64
DEBUG util.py:537:  gc-7.6.4-3.el8.x86_64
DEBUG util.py:537:  libipt-1.6.1-8.el8.x86_64
DEBUG util.py:537:  libssh-0.9.6-16.el8_10.x86_64
DEBUG util.py:537:  curl-7.61.1-34.el8_10.13.x86_64
DEBUG util.py:537:  rpm-4.14.3-32.el8_10.x86_64
DEBUG util.py:537:  lua-srpm-macros-1-13.el8.noarch
DEBUG util.py:537:  gdb-headless-8.2-20.el8.x86_64
DEBUG util.py:537:  glibc-headers-2.28-251.el8_10.40.x86_64
DEBUG util.py:537:  libxcrypt-devel-4.1.1-6.el8.x86_64
DEBUG util.py:537:  gcc-plugin-annobin-8.5.0-28.el8_10.alma.1.x86_64
DEBUG util.py:537:  redhat-rpm-config-131-1.el8.alma.noarch
DEBUG util.py:537:  gcc-c++-8.5.0-28.el8_10.alma.1.x86_64
DEBUG util.py:537:  util-linux-2.32.1-48.el8_10.x86_64
DEBUG util.py:537:  make-4.2.1-11.el8.x86_64
DEBUG util.py:537:  systemtap-sdt-devel-4.9-3.el8.x86_64
DEBUG util.py:537:  groff-base-1.22.3-18.el8.x86_64
DEBUG util.py:537:  perl-Digest-MD5-2.55-396.el8.x86_64
DEBUG util.py:537:  perl-libnet-3.11-3.el8.noarch
DEBUG util.py:537:  perl-Pod-Escapes-1.07-395.el8.noarch
DEBUG util.py:537:  perl-Time-Local-1.280-1.el8.noarch
DEBUG util.py:537:  perl-IO-Socket-SSL-2.066-4.module_el8.6.0+2811+fe6c84b0.noarch
DEBUG util.py:537:  perl-Term-ANSIColor-4.06-396.el8.noarch
DEBUG util.py:537:  perl-File-Temp-0.230.600-1.el8.noarch
DEBUG util.py:537:  perl-Pod-Simple-3.35-395.el8.noarch
DEBUG util.py:537:  perl-Pod-Perldoc-3.28-396.el8.noarch
DEBUG util.py:537:  perl-Pod-Usage-1.69-395.el8.noarch
DEBUG util.py:537:  perl-Storable-3.11-3.el8.x86_64
DEBUG util.py:537:  perl-Errno-1.28-423.el8_10.x86_64
DEBUG util.py:537:  perl-Encode-2.97-3.el8.x86_64
DEBUG util.py:537:  perl-Exporter-5.72-396.el8.noarch
DEBUG util.py:537:  perl-Scalar-List-Utils-1.49-2.el8.x86_64
DEBUG util.py:537:  perl-macros-5.26.3-423.el8_10.x86_64
DEBUG util.py:537:  perl-Unicode-Normalize-1.25-396.el8.x86_64
DEBUG util.py:537:  perl-IO-1.38-423.el8_10.x86_64
DEBUG util.py:537:  perl-constant-1.33-396.el8.noarch
DEBUG util.py:537:  perl-threads-shared-1.58-2.el8.x86_64
DEBUG util.py:537:  perl-version-0.99.24-1.el8.x86_64
DEBUG util.py:537:  perl-CPAN-Meta-Requirements-2.140-396.el8.noarch
DEBUG util.py:537:  perl-ExtUtils-ParseXS-3.35-2.el8.noarch
DEBUG util.py:537:  perl-Module-CoreList-5.20181130-1.el8.noarch
DEBUG util.py:537:  perl-Compress-Raw-Zlib-2.081-1.el8.x86_64
DEBUG util.py:537:  perl-SelfLoader-1.23-423.el8_10.noarch
DEBUG util.py:537:  perl-Perl-OSType-1.010-396.el8.noarch
DEBUG util.py:537:  perl-encoding-2.22-3.el8.x86_64
DEBUG util.py:537:  perl-Compress-Raw-Bzip2-2.081-1.el8.x86_64
DEBUG util.py:537:  perl-IO-Zlib-1.10-423.el8_10.noarch
DEBUG util.py:537:  perl-Math-BigInt-1.9998.11-7.el8.noarch
DEBUG util.py:537:  perl-Math-BigRat-0.2614-1.el8.noarch
DEBUG util.py:537:  perl-CPAN-Meta-2.150010-396.el8.noarch
DEBUG util.py:537:  perl-ExtUtils-Command-7.34-1.el8.noarch
DEBUG util.py:537:  perl-ExtUtils-Install-2.14-4.el8.noarch
DEBUG util.py:537:  perl-ExtUtils-Embed-1.34-423.el8_10.noarch
DEBUG util.py:537:  perl-Locale-Maketext-Simple-0.21-423.el8_10.noarch
DEBUG util.py:537:  perl-Module-Load-Conditional-0.68-395.el8.noarch
DEBUG util.py:688:  Child return code was: 0
DEBUG util.py:200:  kill orphans in chroot /var/lib/mock/alma+epel-8-x86_64/root
DEBUG util.py:200:  kill orphans in chroot /var/lib/mock/alma+epel-8-x86_64-bootstrap/root/var/lib/mock/alma+epel-8-x86_64/root
DEBUG util.py:717:  child environment: None
DEBUG util.py:636:  Executing command: ['/bin/umount', '-n', '-l', '/var/lib/mock/alma+epel-8-x86_64-bootstrap/root/var/lib/mock/alma+epel-8-x86_64/root'] with env {'TERM': 'vt100', 'SHELL': '/bin/sh', 'HOME': '/builddir', 'HOSTNAME': 'mock', 'PATH': '/usr/bin:/bin:/usr/sbin:/sbin', 'LANG': 'C.UTF-8'} and shell False
DEBUG util.py:688:  Child return code was: 0
DEBUG util.py:717:  child environment: None
DEBUG util.py:636:  Executing command: ['/bin/umount', '-n', '-l', '/var/lib/mock/alma+epel-8-x86_64-bootstrap/root/var/lib/mock/alma+epel-8-x86_64/root'] with env {'TERM': 'vt100', 'SHELL': '/bin/sh', 'HOME': '/builddir', 'HOSTNAME': 'mock', 'PATH': '/usr/bin:/bin:/usr/sbin:/sbin', 'LANG': 'C.UTF-8'} and shell False
DEBUG util.py:688:  Child return code was: 0
DEBUG util.py:717:  child environment: None
DEBUG file_util.py:17:  ensuring that dir exists: /var/lib/mock/alma+epel-8-x86_64/root/proc
DEBUG util.py:717:  child environment: None
DEBUG util.py:636:  Executing command: ['/bin/mount', '-n', '-t', 'tmpfs', '-o', 'rprivate,mode=0755', 'tmpfs', '/var/lib/mock/alma+epel-8-x86_64/root/proc'] with env {'TERM': 'vt100', 'SHELL': '/bin/sh', 'HOME': '/builddir', 'HOSTNAME': 'mock', 'PATH': '/usr/bin:/bin:/usr/sbin:/sbin', 'LANG': 'C.UTF-8'} and shell False
DEBUG util.py:688:  Child return code was: 0
DEBUG file_util.py:17:  ensuring that dir exists: /var/lib/mock/alma+epel-8-x86_64/root/proc
DEBUG util.py:717:  child environment: None
DEBUG util.py:636:  Executing command: ['/bin/mount', '-n', '-o', 'rbind', '/proc', '/var/lib/mock/alma+epel-8-x86_64/root/proc'] with env {'TERM': 'vt100', 'SHELL': '/bin/sh', 'HOME': '/builddir', 'HOSTNAME': 'mock', 'PATH': '/usr/bin:/bin:/usr/sbin:/sbin', 'LANG': 'C.UTF-8'} and shell False
DEBUG util.py:688:  Child return code was: 0
DEBUG util.py:717:  child environment: None
DEBUG util.py:636:  Executing command: ['/bin/mount', '-n', '-o', 'remount,nodev,noexec,nosuid,readonly,rprivate,rbind', '--target', '/var/lib/mock/alma+epel-8-x86_64/root/proc'] with env {'TERM': 'vt100', 'SHELL': '/bin/sh', 'HOME': '/builddir', 'HOSTNAME': 'mock', 'PATH': '/usr/bin:/bin:/usr/sbin:/sbin', 'LANG': 'C.UTF-8'} and shell False
DEBUG util.py:688:  Child return code was: 0
DEBUG file_util.py:17:  ensuring that dir exists: /var/lib/mock/alma+epel-8-x86_64/root/sys
DEBUG util.py:717:  child environment: None
DEBUG util.py:636:  Executing command: ['/bin/mount', '-n', '-t', 'tmpfs', '-o', 'rprivate,mode=0755', 'tmpfs', '/var/lib/mock/alma+epel-8-x86_64/root/sys'] with env {'TERM': 'vt100', 'SHELL': '/bin/sh', 'HOME': '/builddir', 'HOSTNAME': 'mock', 'PATH': '/usr/bin:/bin:/usr/sbin:/sbin', 'LANG': 'C.UTF-8'} and shell False
DEBUG util.py:688:  Child return code was: 0
DEBUG file_util.py:17:  ensuring that dir exists: /var/lib/mock/alma+epel-8-x86_64/root/sys
DEBUG util.py:717:  child environment: None
DEBUG util.py:636:  Executing command: ['/bin/mount', '-n', '-o', 'rbind', '/sys', '/var/lib/mock/alma+epel-8-x86_64/root/sys'] with env {'TERM': 'vt100', 'SHELL': '/bin/sh', 'HOME': '/builddir', 'HOSTNAME': 'mock', 'PATH': '/usr/bin:/bin:/usr/sbin:/sbin', 'LANG': 'C.UTF-8'} and shell False
DEBUG util.py:688:  Child return code was: 0
DEBUG util.py:717:  child environment: None
DEBUG util.py:636:  Executing command: ['/bin/mount', '-n', '-o', 'remount,nodev,noexec,nosuid,readonly,rprivate,rbind', '--target', '/var/lib/mock/alma+epel-8-x86_64/root/sys'] with env {'TERM': 'vt100', 'SHELL': '/bin/sh', 'HOME': '/builddir', 'HOSTNAME': 'mock', 'PATH': '/usr/bin:/bin:/usr/sbin:/sbin', 'LANG': 'C.UTF-8'} and shell False
DEBUG util.py:688:  Child return code was: 0
DEBUG file_util.py:17:  ensuring that dir exists: /var/lib/mock/alma+epel-8-x86_64/root/dev/shm
DEBUG util.py:717:  child environment: None
DEBUG util.py:636:  Executing command: ['/bin/mount', '-n', '-t', 'tmpfs', 'tmpfs', '/var/lib/mock/alma+epel-8-x86_64/root/dev/shm'] with env {'TERM': 'vt100', 'SHELL': '/bin/sh', 'HOME': '/builddir', 'HOSTNAME': 'mock', 'PATH': '/usr/bin:/bin:/usr/sbin:/sbin', 'LANG': 'C.UTF-8'} and shell False
DEBUG util.py:688:  Child return code was: 0
DEBUG file_util.py:17:  ensuring that dir exists: /var/lib/mock/alma+epel-8-x86_64/root/dev/pts
DEBUG util.py:717:  child environment: None
DEBUG util.py:636:  Executing command: ['/bin/mount', '-n', '-t', 'devpts', '-o', 'gid=5,mode=0620,ptmxmode=0666,newinstance', 'devpts', '/var/lib/mock/alma+epel-8-x86_64/root/dev/pts'] with env {'TERM': 'vt100', 'SHELL': '/bin/sh', 'HOME': '/builddir', 'HOSTNAME': 'mock', 'PATH': '/usr/bin:/bin:/usr/sbin:/sbin', 'LANG': 'C.UTF-8'} and shell False
DEBUG util.py:688:  Child return code was: 0
DEBUG util.py:717:  child environment: None
DEBUG util.py:636:  Executing command: ['/bin/mount', '-n', '-o', 'bind', '/tmp/mock-selinux-plugin.u5qhx6v7', '/var/lib/mock/alma+epel-8-x86_64/root/proc/filesystems'] with env {'TERM': 'vt100', 'SHELL': '/bin/sh', 'HOME': '/builddir', 'HOSTNAME': 'mock', 'PATH': '/usr/bin:/bin:/usr/sbin:/sbin', 'LANG': 'C.UTF-8'} and shell False
DEBUG util.py:688:  Child return code was: 0
DEBUG file_util.py:17:  ensuring that dir exists: /var/lib/mock/alma+epel-8-x86_64/root/sys/fs/selinux
DEBUG util.py:717:  child environment: None
DEBUG util.py:636:  Executing command: ['/bin/mount', '-n', '-t', 'tmpfs', 'tmpfs', '/var/lib/mock/alma+epel-8-x86_64/root/sys/fs/selinux'] with env {'TERM': 'vt100', 'SHELL': '/bin/sh', 'HOME': '/builddir', 'HOSTNAME': 'mock', 'PATH': '/usr/bin:/bin:/usr/sbin:/sbin', 'LANG': 'C.UTF-8'} and shell False
DEBUG util.py:688:  Child return code was: 0
DEBUG file_util.py:17:  ensuring that dir exists: /var/lib/mock/alma+epel-8-x86_64-bootstrap/root/var/lib/mock/alma+epel-8-x86_64/root
DEBUG util.py:717:  child environment: None
DEBUG util.py:636:  Executing command: ['/bin/mount', '-n', '-t', 'tmpfs', '-o', 'private,mode=0755', 'tmpfs', '/var/lib/mock/alma+epel-8-x86_64-bootstrap/root/var/lib/mock/alma+epel-8-x86_64/root'] with env {'TERM': 'vt100', 'SHELL': '/bin/sh', 'HOME': '/builddir', 'HOSTNAME': 'mock', 'PATH': '/usr/bin:/bin:/usr/sbin:/sbin', 'LANG': 'C.UTF-8'} and shell False
DEBUG util.py:688:  Child return code was: 0
DEBUG file_util.py:17:  ensuring that dir exists: /var/lib/mock/alma+epel-8-x86_64-bootstrap/root/var/lib/mock/alma+epel-8-x86_64/root
DEBUG util.py:717:  child environment: None
DEBUG util.py:636:  Executing command: ['/bin/mount', '-n', '-o', 'rbind', '/var/lib/mock/alma+epel-8-x86_64/root', '/var/lib/mock/alma+epel-8-x86_64-bootstrap/root/var/lib/mock/alma+epel-8-x86_64/root'] with env {'TERM': 'vt100', 'SHELL': '/bin/sh', 'HOME': '/builddir', 'HOSTNAME': 'mock', 'PATH': '/usr/bin:/bin:/usr/sbin:/sbin', 'LANG': 'C.UTF-8'} and shell False
DEBUG util.py:688:  Child return code was: 0
DEBUG util.py:717:  child environment: None
DEBUG util.py:636:  Executing command: ['/bin/mount', '-n', '-o', 'remount,private,rbind', '--target', '/var/lib/mock/alma+epel-8-x86_64-bootstrap/root/var/lib/mock/alma+epel-8-x86_64/root'] with env {'TERM': 'vt100', 'SHELL': '/bin/sh', 'HOME': '/builddir', 'HOSTNAME': 'mock', 'PATH': '/usr/bin:/bin:/usr/sbin:/sbin', 'LANG': 'C.UTF-8'} and shell False
DEBUG util.py:688:  Child return code was: 0
DEBUG file_util.py:17:  ensuring that dir exists: /var/lib/mock/alma+epel-8-x86_64/root/installation-homedir
DEBUG package_manager.py:296:  ['/usr/bin/dnf-3', 'builddep', '--installroot', '/var/lib/mock/alma+epel-8-x86_64/root/', '--releasever', '8', '--setopt=deltarpm=False', '--setopt=allow_vendor_change=yes', '--allowerasing', '--disableplugin=local', '--disableplugin=spacewalk', '--disableplugin=versionlock', '/var/lib/mock/alma+epel-8-x86_64/root//builddir/build/SRPMS/openssl35-3.5.8-1.el8.src.rpm']
DEBUG util.py:717:  child environment: None
DEBUG util.py:631:  Using nspawn with args ['--capability=cap_ipc_lock', '--resolv-conf=off']
DEBUG util.py:636:  Executing command: ['/usr/bin/systemd-nspawn', '-q', '-M', 'aab0501fb803411bbd9ec31cb7e7d727', '-D', '/var/lib/mock/alma+epel-8-x86_64-bootstrap/root', '-a', '--capability=cap_ipc_lock', '--resolv-conf=off', '--setenv=TERM=vt100', '--setenv=SHELL=/bin/bash', '--setenv=HOME=/var/lib/mock/alma+epel-8-x86_64/root/installation-homedir', '--setenv=HOSTNAME=mock', '--setenv=PATH=/usr/bin:/bin:/usr/sbin:/sbin', '--setenv=PROMPT_COMMAND=printf "\\033]0;<mock-chroot>\\007"', '--setenv=PS1=<mock-chroot> \\s-\\v\\$ ', '--setenv=LANG=C.UTF-8', '--setenv=LC_MESSAGES=C.UTF-8', '/usr/bin/dnf-3', 'builddep', '--installroot', '/var/lib/mock/alma+epel-8-x86_64/root/', '--releasever', '8', '--setopt=deltarpm=False', '--setopt=allow_vendor_change=yes', '--allowerasing', '--disableplugin=local', '--disableplugin=spacewalk', '--disableplugin=versionlock', '/var/lib/mock/alma+epel-8-x86_64/root//builddir/build/SRPMS/openssl35-3.5.8-1.el8.src.rpm', '--setopt=tsflags=nocontexts'] with env {'TERM': 'vt100', 'SHELL': '/bin/bash', 'HOME': '/var/lib/mock/alma+epel-8-x86_64/root/installation-homedir', 'HOSTNAME': 'mock', 'PATH': '/usr/bin:/bin:/usr/sbin:/sbin', 'PROMPT_COMMAND': 'printf "\\033]0;<mock-chroot>\\007"', 'PS1': '<mock-chroot> \\s-\\v\\$ ', 'LANG': 'C.UTF-8', 'LC_MESSAGES': 'C.UTF-8', 'SYSTEMD_NSPAWN_TMPFS_TMP': '0', 'SYSTEMD_SECCOMP': '0'} and shell False
DEBUG util.py:535:  No matches found for the following disable plugin patterns: local, spacewalk, versionlock
DEBUG util.py:537:  AlmaLinux 8 - BaseOS                                                                                                                                         3.6 kB/s | 3.8 kB     00:01    
DEBUG util.py:537:  AlmaLinux 8 - AppStream                                                                                                                                      5.0 kB/s | 4.3 kB     00:00    
DEBUG util.py:537:  AlmaLinux 8 - PowerTools                                                                                                                                     4.8 kB/s | 4.2 kB     00:00    
DEBUG util.py:537:  AlmaLinux 8 - Extras                                                                                                                                         4.0 kB/s | 3.3 kB     00:00    
DEBUG util.py:537:  Extra Packages for Enterprise Linux 8 - x86_64                                                                                                               9.1 kB/s | 9.8 kB     00:01    
DEBUG util.py:537:  mock-localrepo                                                                                                                                               2.9 MB/s | 3.0 kB     00:00    
DEBUG util.py:537:  Package gcc-8.5.0-28.el8_10.alma.1.x86_64 is already installed.
DEBUG util.py:537:  Package make-1:4.2.1-11.el8.x86_64 is already installed.
DEBUG util.py:537:  Package perl-4:5.26.3-423.el8_10.x86_64 is already installed.
DEBUG util.py:537:  Package zlib-devel-1.2.11-25.el8.x86_64 is already installed.
DEBUG util.py:537:  Dependencies resolved.
DEBUG util.py:537:  Nothing to do.
DEBUG util.py:537:  Complete!
DEBUG util.py:688:  Child return code was: 0
DEBUG util.py:200:  kill orphans in chroot /var/lib/mock/alma+epel-8-x86_64/root
DEBUG util.py:200:  kill orphans in chroot /var/lib/mock/alma+epel-8-x86_64-bootstrap/root/var/lib/mock/alma+epel-8-x86_64/root
DEBUG util.py:717:  child environment: None
DEBUG util.py:636:  Executing command: ['/bin/umount', '-n', '-l', '/var/lib/mock/alma+epel-8-x86_64-bootstrap/root/var/lib/mock/alma+epel-8-x86_64/root'] with env {'TERM': 'vt100', 'SHELL': '/bin/sh', 'HOME': '/builddir', 'HOSTNAME': 'mock', 'PATH': '/usr/bin:/bin:/usr/sbin:/sbin', 'LANG': 'C.UTF-8'} and shell False
DEBUG util.py:688:  Child return code was: 0
DEBUG util.py:717:  child environment: None
DEBUG util.py:636:  Executing command: ['/bin/umount', '-n', '-l', '/var/lib/mock/alma+epel-8-x86_64-bootstrap/root/var/lib/mock/alma+epel-8-x86_64/root'] with env {'TERM': 'vt100', 'SHELL': '/bin/sh', 'HOME': '/builddir', 'HOSTNAME': 'mock', 'PATH': '/usr/bin:/bin:/usr/sbin:/sbin', 'LANG': 'C.UTF-8'} and shell False
DEBUG util.py:688:  Child return code was: 0
DEBUG util.py:717:  child environment: None
DEBUG util.py:636:  Executing command: ['/bin/umount', '-n', '-l', '/var/lib/mock/alma+epel-8-x86_64/root/sys/fs/selinux'] with env {'TERM': 'vt100', 'SHELL': '/bin/sh', 'HOME': '/builddir', 'HOSTNAME': 'mock', 'PATH': '/usr/bin:/bin:/usr/sbin:/sbin', 'LANG': 'C.UTF-8'} and shell False
DEBUG util.py:688:  Child return code was: 0
DEBUG util.py:717:  child environment: None
DEBUG util.py:636:  Executing command: ['/bin/umount', '-n', '/var/lib/mock/alma+epel-8-x86_64/root/proc/filesystems'] with env {'TERM': 'vt100', 'SHELL': '/bin/sh', 'HOME': '/builddir', 'HOSTNAME': 'mock', 'PATH': '/usr/bin:/bin:/usr/sbin:/sbin', 'LANG': 'C.UTF-8'} and shell False
DEBUG util.py:688:  Child return code was: 0
DEBUG util.py:717:  child environment: None
DEBUG util.py:636:  Executing command: ['/bin/umount', '-n', '-l', '/var/lib/mock/alma+epel-8-x86_64/root/dev/pts'] with env {'TERM': 'vt100', 'SHELL': '/bin/sh', 'HOME': '/builddir', 'HOSTNAME': 'mock', 'PATH': '/usr/bin:/bin:/usr/sbin:/sbin', 'LANG': 'C.UTF-8'} and shell False
DEBUG util.py:688:  Child return code was: 0
DEBUG util.py:717:  child environment: None
DEBUG util.py:636:  Executing command: ['/bin/umount', '-n', '-l', '/var/lib/mock/alma+epel-8-x86_64/root/dev/shm'] with env {'TERM': 'vt100', 'SHELL': '/bin/sh', 'HOME': '/builddir', 'HOSTNAME': 'mock', 'PATH': '/usr/bin:/bin:/usr/sbin:/sbin', 'LANG': 'C.UTF-8'} and shell False
DEBUG util.py:688:  Child return code was: 0
DEBUG util.py:717:  child environment: None
DEBUG util.py:636:  Executing command: ['/bin/umount', '-n', '-l', '/var/lib/mock/alma+epel-8-x86_64/root/sys'] with env {'TERM': 'vt100', 'SHELL': '/bin/sh', 'HOME': '/builddir', 'HOSTNAME': 'mock', 'PATH': '/usr/bin:/bin:/usr/sbin:/sbin', 'LANG': 'C.UTF-8'} and shell False
DEBUG util.py:688:  Child return code was: 0
DEBUG util.py:717:  child environment: None
DEBUG util.py:636:  Executing command: ['/bin/umount', '-n', '-l', '/var/lib/mock/alma+epel-8-x86_64/root/sys'] with env {'TERM': 'vt100', 'SHELL': '/bin/sh', 'HOME': '/builddir', 'HOSTNAME': 'mock', 'PATH': '/usr/bin:/bin:/usr/sbin:/sbin', 'LANG': 'C.UTF-8'} and shell False
DEBUG util.py:688:  Child return code was: 0
DEBUG util.py:717:  child environment: None
DEBUG util.py:636:  Executing command: ['/bin/umount', '-n', '-l', '/var/lib/mock/alma+epel-8-x86_64/root/proc'] with env {'TERM': 'vt100', 'SHELL': '/bin/sh', 'HOME': '/builddir', 'HOSTNAME': 'mock', 'PATH': '/usr/bin:/bin:/usr/sbin:/sbin', 'LANG': 'C.UTF-8'} and shell False
DEBUG util.py:688:  Child return code was: 0
DEBUG util.py:717:  child environment: None
DEBUG util.py:636:  Executing command: ['/bin/umount', '-n', '-l', '/var/lib/mock/alma+epel-8-x86_64/root/proc'] with env {'TERM': 'vt100', 'SHELL': '/bin/sh', 'HOME': '/builddir', 'HOSTNAME': 'mock', 'PATH': '/usr/bin:/bin:/usr/sbin:/sbin', 'LANG': 'C.UTF-8'} and shell False
DEBUG util.py:688:  Child return code was: 0
DEBUG buildroot.py:723:  removing 3 rpm db files
DEBUG buildroot.py:728:  nuke_rpm_db: removing /var/lib/mock/alma+epel-8-x86_64/root/var/lib/rpm/__db.001
DEBUG buildroot.py:728:  nuke_rpm_db: removing /var/lib/mock/alma+epel-8-x86_64/root/var/lib/rpm/__db.002
DEBUG buildroot.py:728:  nuke_rpm_db: removing /var/lib/mock/alma+epel-8-x86_64/root/var/lib/rpm/__db.003
DEBUG file_util.py:17:  ensuring that dir exists: /var/lib/mock/alma+epel-8-x86_64-bootstrap/root/var/lib/mock/alma+epel-8-x86_64/root
DEBUG util.py:717:  child environment: None
DEBUG util.py:636:  Executing command: ['/bin/mount', '-n', '-t', 'tmpfs', '-o', 'private,mode=0755', 'tmpfs', '/var/lib/mock/alma+epel-8-x86_64-bootstrap/root/var/lib/mock/alma+epel-8-x86_64/root'] with env {'TERM': 'vt100', 'SHELL': '/bin/sh', 'HOME': '/builddir', 'HOSTNAME': 'mock', 'PATH': '/usr/bin:/bin:/usr/sbin:/sbin', 'LANG': 'C.UTF-8'} and shell False
DEBUG util.py:688:  Child return code was: 0
DEBUG file_util.py:17:  ensuring that dir exists: /var/lib/mock/alma+epel-8-x86_64-bootstrap/root/var/lib/mock/alma+epel-8-x86_64/root
DEBUG util.py:717:  child environment: None
DEBUG util.py:636:  Executing command: ['/bin/mount', '-n', '-o', 'rbind', '/var/lib/mock/alma+epel-8-x86_64/root', '/var/lib/mock/alma+epel-8-x86_64-bootstrap/root/var/lib/mock/alma+epel-8-x86_64/root'] with env {'TERM': 'vt100', 'SHELL': '/bin/sh', 'HOME': '/builddir', 'HOSTNAME': 'mock', 'PATH': '/usr/bin:/bin:/usr/sbin:/sbin', 'LANG': 'C.UTF-8'} and shell False
DEBUG util.py:688:  Child return code was: 0
DEBUG util.py:717:  child environment: None
DEBUG util.py:636:  Executing command: ['/bin/mount', '-n', '-o', 'remount,private,rbind', '--target', '/var/lib/mock/alma+epel-8-x86_64-bootstrap/root/var/lib/mock/alma+epel-8-x86_64/root'] with env {'TERM': 'vt100', 'SHELL': '/bin/sh', 'HOME': '/builddir', 'HOSTNAME': 'mock', 'PATH': '/usr/bin:/bin:/usr/sbin:/sbin', 'LANG': 'C.UTF-8'} and shell False
DEBUG util.py:688:  Child return code was: 0
DEBUG util.py:717:  child environment: None
DEBUG util.py:631:  Using nspawn with args ['--capability=cap_ipc_lock', '--resolv-conf=off']
DEBUG util.py:636:  Executing command: ['/usr/bin/systemd-nspawn', '-q', '-M', 'cadacc7a4d53406fb66fc346fcbb8877', '-D', '/var/lib/mock/alma+epel-8-x86_64-bootstrap/root', '-a', '--capability=cap_ipc_lock', '--resolv-conf=off', '--setenv=TERM=vt100', '--setenv=SHELL=/bin/bash', '--setenv=HOME=/builddir', '--setenv=HOSTNAME=mock', '--setenv=PATH=/usr/bin:/bin:/usr/sbin:/sbin', '--setenv=PROMPT_COMMAND=printf "\\033]0;<mock-chroot>\\007"', '--setenv=PS1=<mock-chroot> \\s-\\v\\$ ', '--setenv=LANG=C.UTF-8', '/bin/rpm', '-qa', '--root', '/var/lib/mock/alma+epel-8-x86_64/root'] with env {'TERM': 'vt100', 'SHELL': '/bin/bash', 'HOME': '/builddir', 'HOSTNAME': 'mock', 'PATH': '/usr/bin:/bin:/usr/sbin:/sbin', 'PROMPT_COMMAND': 'printf "\\033]0;<mock-chroot>\\007"', 'PS1': '<mock-chroot> \\s-\\v\\$ ', 'LANG': 'C.UTF-8', 'SYSTEMD_NSPAWN_TMPFS_TMP': '0', 'SYSTEMD_SECCOMP': '0'} and shell False
DEBUG util.py:537:  perl-Pod-Html-1.22.02-423.el8_10.noarch
DEBUG util.py:537:  gpg-pubkey-ced7258b-6525146f
DEBUG util.py:537:  perl-Data-OptList-0.110-6.el8.noarch
DEBUG util.py:537:  libgcc-8.5.0-28.el8_10.alma.1.x86_64
DEBUG util.py:537:  perl-libnetcfg-5.26.3-423.el8_10.noarch
DEBUG util.py:537:  crypto-policies-20230731-1.git3177e06.el8.noarch
DEBUG util.py:537:  perl-Encode-devel-2.97-3.el8.x86_64
DEBUG util.py:537:  python3-setuptools-wheel-39.2.0-9.el8_10.noarch
DEBUG util.py:537:  perl-Math-BigInt-FastCalc-0.500.600-6.el8.x86_64
DEBUG util.py:537:  almalinux-release-8.10-1.el8.x86_64
DEBUG util.py:537:  perl-Filter-Simple-0.94-2.el8.noarch
DEBUG util.py:537:  filesystem-3.8-6.el8.x86_64
DEBUG util.py:537:  perl-Archive-Zip-1.60-3.el8.noarch
DEBUG util.py:537:  python3-rpm-macros-3-45.el8.noarch
DEBUG util.py:537:  perl-experimental-0.019-2.el8.noarch
DEBUG util.py:537:  ansible-srpm-macros-1-12.el8.noarch
DEBUG util.py:537:  perl-Text-Diff-1.45-2.el8.noarch
DEBUG util.py:537:  qt5-srpm-macros-5.15.3-1.el8.noarch
DEBUG util.py:537:  perl-Attribute-Handlers-0.99-423.el8_10.noarch
DEBUG util.py:537:  openblas-srpm-macros-2-2.el8.noarch
DEBUG util.py:537:  perl-Compress-Bzip2-2.26-6.el8.x86_64
DEBUG util.py:537:  go-srpm-macros-2-17.el8.noarch
DEBUG util.py:537:  perl-DB_File-1.842-1.el8.x86_64
DEBUG util.py:537:  tzdata-2026c-1.el8_10.noarch
DEBUG util.py:537:  perl-Devel-Size-0.81-2.el8.x86_64
DEBUG util.py:537:  pkgconf-m4-1.4.2-1.el8.noarch
DEBUG util.py:537:  perl-ExtUtils-MM-Utils-7.34-1.el8.noarch
DEBUG util.py:537:  pcre2-10.32-3.el8_6.x86_64
DEBUG util.py:537:  perl-ExtUtils-CBuilder-0.280230-2.el8.noarch
DEBUG util.py:537:  glibc-all-langpacks-2.28-251.el8_10.40.x86_64
DEBUG util.py:537:  perl-IPC-SysV-2.07-397.el8.x86_64
DEBUG util.py:537:  glibc-gconv-extra-2.28-251.el8_10.40.x86_64
DEBUG util.py:537:  perl-autodie-2.29-396.el8.noarch
DEBUG util.py:537:  glibc-2.28-251.el8_10.40.x86_64
DEBUG util.py:537:  perl-Memoize-1.03-423.el8_10.noarch
DEBUG util.py:537:  libsepol-2.9-3.el8.x86_64
DEBUG util.py:537:  perl-Package-Generator-1.106-11.el8.noarch
DEBUG util.py:537:  info-6.5-7.el8.x86_64
DEBUG util.py:537:  perl-Pod-Checker-1.73-395.el8.noarch
DEBUG util.py:537:  xz-libs-5.2.4-4.el8_6.x86_64
DEBUG util.py:537:  perl-Sys-Syslog-0.35-397.el8.x86_64
DEBUG util.py:537:  libacl-2.4.0-1.el8_10.x86_64
DEBUG util.py:537:  perl-Test-Simple-1.302135-1.el8.noarch
DEBUG util.py:537:  libxcrypt-4.1.1-6.el8.x86_64
DEBUG util.py:537:  perl-Text-Template-1.51-1.el8.noarch
DEBUG util.py:537:  elfutils-libelf-0.190-2.el8.alma.1.x86_64
DEBUG util.py:537:  perl-Unicode-Collate-1.25-2.el8.x86_64
DEBUG util.py:537:  readline-7.0-10.el8.x86_64
DEBUG util.py:537:  perl-utils-5.26.3-423.el8_10.noarch
DEBUG util.py:537:  libcap-2.48-6.el8_10.1.x86_64
DEBUG util.py:537:  perl-File-Which-1.22-2.el8.noarch
DEBUG util.py:537:  sed-4.5-5.el8_10.x86_64
DEBUG util.py:537:  perl-Devel-Peek-1.26-423.el8_10.x86_64
DEBUG util.py:537:  libuuid-2.32.1-48.el8_10.x86_64
DEBUG util.py:537:  perl-Data-Section-0.200007-3.el8.noarch
DEBUG util.py:537:  libunistring-0.9.9-3.el8.x86_64
DEBUG util.py:537:  perl-Module-Build-0.42.24-5.el8.noarch
DEBUG util.py:537:  libgpg-error-1.31-1.el8.x86_64
DEBUG util.py:537:  perl-perlfaq-5.20180605-1.el8.noarch
DEBUG util.py:537:  p11-kit-0.23.22-2.el8.x86_64
DEBUG util.py:537:  perl-5.26.3-423.el8_10.x86_64
DEBUG util.py:537:  libmpc-1.1.0-9.1.el8.x86_64
DEBUG util.py:537:  libattr-2.6.0-1.el8_10.x86_64
DEBUG util.py:537:  libgcrypt-1.8.5-8.el8_10.x86_64
DEBUG util.py:537:  findutils-4.6.0-24.el8_10.x86_64
DEBUG util.py:537:  elfutils-libs-0.190-2.el8.alma.1.x86_64
DEBUG util.py:537:  gdbm-libs-1.18-2.el8.x86_64
DEBUG util.py:537:  libcap-ng-0.7.11-1.el8.x86_64
DEBUG util.py:537:  libtasn1-4.13-6.el8_10.x86_64
DEBUG util.py:537:  lz4-libs-1.8.3-5.el8_10.x86_64
DEBUG util.py:537:  grep-3.1-6.el8.x86_64
DEBUG util.py:537:  libsemanage-2.9-12.el8_10.x86_64
DEBUG util.py:537:  elfutils-0.190-2.el8.alma.1.x86_64
DEBUG util.py:537:  patch-2.7.6-11.el8.x86_64
DEBUG util.py:537:  libpsl-0.20.2-6.el8.x86_64
DEBUG util.py:537:  libksba-1.3.5-9.el8_7.x86_64
DEBUG util.py:537:  libstdc++-devel-8.5.0-28.el8_10.alma.1.x86_64
DEBUG util.py:537:  tar-1.30-11.el8_10.x86_64
DEBUG util.py:537:  gnutls-3.6.16-8.el8_10.6.x86_64
DEBUG util.py:537:  libxml2-2.9.7-21.el8_10.6.x86_64
DEBUG util.py:537:  coreutils-common-8.30-20.el8_10.x86_64
DEBUG util.py:537:  libgomp-8.5.0-28.el8_10.alma.1.x86_64
DEBUG util.py:537:  cpio-2.12-11.el8.x86_64
DEBUG util.py:537:  libpkgconf-1.4.2-1.el8.x86_64
DEBUG util.py:537:  pkgconf-pkg-config-1.4.2-1.el8.x86_64
DEBUG util.py:537:  gawk-4.2.1-4.el8.x86_64
DEBUG util.py:537:  libtool-ltdl-2.4.6-25.el8.x86_64
DEBUG util.py:537:  ncurses-6.1-10.20180224.el8.x86_64
DEBUG util.py:537:  coreutils-8.30-20.el8_10.x86_64
DEBUG util.py:537:  libdb-5.3.28-42.el8_4.x86_64
DEBUG util.py:537:  libtirpc-1.1.4-12.el8_10.x86_64
DEBUG util.py:537:  libmount-2.32.1-48.el8_10.x86_64
DEBUG util.py:537:  libnsl2-1.2.0-2.20180605git4a062cf.el8.x86_64
DEBUG util.py:537:  platform-python-3.6.8-78.el8_10.alma.1.x86_64
DEBUG util.py:537:  binutils-2.30-128.el8_10.x86_64
DEBUG util.py:537:  cracklib-2.9.6-15.el8.x86_64
DEBUG util.py:537:  shadow-utils-4.6-23.el8_10.x86_64
DEBUG util.py:537:  tpm2-tss-2.3.2-6.el8.x86_64
DEBUG util.py:537:  libpwquality-1.4.4-6.el8.x86_64
DEBUG util.py:537:  libusbx-1.0.30-1.el8_10.x86_64
DEBUG util.py:537:  libbabeltrace-1.5.4-4.el8.x86_64
DEBUG util.py:537:  cyrus-sasl-lib-2.1.27-6.el8_5.x86_64
DEBUG util.py:537:  libdb-utils-5.3.28-42.el8_4.x86_64
DEBUG util.py:537:  npth-1.5-4.el8.x86_64
DEBUG util.py:537:  libatomic_ops-7.6.2-3.el8.x86_64
DEBUG util.py:537:  guile-2.0.14-7.el8.x86_64
DEBUG util.py:537:  libssh-config-0.9.6-16.el8_10.noarch
DEBUG util.py:537:  libcurl-7.61.1-34.el8_10.13.x86_64
DEBUG util.py:537:  rpm-libs-4.14.3-32.el8_10.x86_64
DEBUG util.py:537:  efi-srpm-macros-3-3.el8.noarch
DEBUG util.py:537:  rpm-build-libs-4.14.3-32.el8_10.x86_64
DEBUG util.py:537:  kernel-headers-4.18.0-553.158.1.el8_10.x86_64
DEBUG util.py:537:  glibc-devel-2.28-251.el8_10.40.x86_64
DEBUG util.py:537:  gcc-8.5.0-28.el8_10.alma.1.x86_64
DEBUG util.py:537:  annobin-11.13-2.el8.x86_64
DEBUG util.py:537:  rpm-build-4.14.3-32.el8_10.x86_64
DEBUG util.py:537:  epel-rpm-macros-8-43.noarch
DEBUG util.py:537:  which-2.21-21.el8_10.x86_64
DEBUG util.py:537:  python3-pyparsing-2.1.10-7.el8.noarch
DEBUG util.py:537:  openssl-1.1.1k-17.el8_6.x86_64
DEBUG util.py:537:  perl-Digest-1.17-395.el8.noarch
DEBUG util.py:537:  perl-Data-Dumper-2.167-399.el8.x86_64
DEBUG util.py:537:  perl-URI-1.73-3.el8.noarch
DEBUG util.py:537:  perl-IO-Socket-IP-0.39-5.el8.noarch
DEBUG util.py:537:  perl-Mozilla-CA-20160104-7.module_el8.5.0+2812+ed912d05.noarch
DEBUG util.py:537:  perl-Net-SSLeay-1.88-2.module_el8.6.0+2811+fe6c84b0.x86_64
DEBUG util.py:537:  perl-Term-Cap-1.17-395.el8.noarch
DEBUG util.py:537:  perl-HTTP-Tiny-0.074-3.el8.noarch
DEBUG util.py:537:  perl-podlators-4.11-1.el8.noarch
DEBUG util.py:537:  perl-Text-ParseWords-3.30-395.el8.noarch
DEBUG util.py:537:  perl-MIME-Base64-3.15-396.el8.x86_64
DEBUG util.py:537:  perl-Getopt-Long-2.50-4.el8.noarch
DEBUG util.py:537:  perl-Socket-2.027-3.el8.x86_64
DEBUG util.py:537:  perl-Carp-1.42-396.el8.noarch
DEBUG util.py:537:  perl-libs-5.26.3-423.el8_10.x86_64
DEBUG util.py:537:  perl-parent-0.237-1.el8.noarch
DEBUG util.py:537:  perl-Text-Tabs+Wrap-2013.0523-395.el8.noarch
DEBUG util.py:537:  perl-File-Path-2.15-2.el8.noarch
DEBUG util.py:537:  perl-PathTools-3.74-1.el8.x86_64
DEBUG util.py:537:  perl-threads-2.21-2.el8.x86_64
DEBUG util.py:537:  perl-interpreter-5.26.3-423.el8_10.x86_64
DEBUG util.py:537:  perl-Time-HiRes-1.9758-2.el8.x86_64
DEBUG util.py:537:  perl-ExtUtils-Manifest-1.70-395.el8.noarch
DEBUG util.py:537:  perl-Test-Harness-3.42-1.el8.noarch
DEBUG util.py:537:  perl-Module-Metadata-1.000033-395.el8.noarch
DEBUG util.py:537:  perl-Filter-1.58-2.el8.x86_64
DEBUG util.py:537:  perl-Module-Load-0.32-395.el8.noarch
DEBUG util.py:537:  perl-Text-Balanced-2.03-395.el8.noarch
DEBUG util.py:537:  perl-Net-Ping-2.55-423.el8_10.noarch
DEBUG util.py:537:  perl-IO-Compress-2.081-2.el8_10.noarch
DEBUG util.py:537:  perl-Math-Complex-1.59-423.el8_10.noarch
DEBUG util.py:537:  perl-JSON-PP-2.97.001-3.el8.noarch
DEBUG util.py:537:  perl-CPAN-Meta-YAML-0.018-397.el8.noarch
DEBUG util.py:537:  perl-Digest-SHA-6.02-1.el8.x86_64
DEBUG util.py:537:  perl-devel-5.26.3-423.el8_10.x86_64
DEBUG util.py:537:  perl-ExtUtils-MakeMaker-7.34-1.el8.noarch
DEBUG util.py:537:  perl-Locale-Maketext-1.28-396.el8.noarch
DEBUG util.py:537:  perl-Params-Check-0.38-395.el8.noarch
DEBUG util.py:537:  perl-Params-Util-1.07-22.el8.x86_64
DEBUG util.py:537:  gpg-pubkey-3abb34f8-5ffd890e
DEBUG util.py:537:  perl-Sub-Install-0.928-14.el8.noarch
DEBUG util.py:537:  gpg-pubkey-2f86d6a1-5cf7cefb
DEBUG util.py:537:  perl-ExtUtils-Miniperl-1.06-423.el8_10.noarch
DEBUG util.py:537:  python-srpm-macros-3-45.el8.noarch
DEBUG util.py:537:  perl-inc-latest-0.500-9.el8.noarch
DEBUG util.py:537:  python-rpm-macros-3-45.el8.noarch
DEBUG util.py:537:  perl-bignum-0.49-2.el8.noarch
DEBUG util.py:537:  python3-pip-wheel-9.0.3-24.el8.noarch
DEBUG util.py:537:  perl-open-1.11-423.el8_10.noarch
DEBUG util.py:537:  setup-2.12.2-9.el8.noarch
DEBUG util.py:537:  perl-Devel-SelfStubber-1.06-423.el8_10.noarch
DEBUG util.py:537:  basesystem-11-5.el8.noarch
DEBUG util.py:537:  perl-Module-CoreList-tools-5.20181130-1.el8.noarch
DEBUG util.py:537:  fpc-srpm-macros-1.3-1.el8.noarch
DEBUG util.py:537:  perl-Algorithm-Diff-1.1903-9.el8.noarch
DEBUG util.py:537:  rust-srpm-macros-5-2.el8.noarch
DEBUG util.py:537:  perl-Archive-Tar-2.30-3.el8_10.noarch
DEBUG util.py:537:  perl-srpm-macros-1-25.el8.noarch
DEBUG util.py:537:  perl-B-Debug-1.26-2.el8.noarch
DEBUG util.py:537:  ocaml-srpm-macros-5-4.el8.noarch
DEBUG util.py:537:  perl-Config-Perl-V-0.30-1.el8.noarch
DEBUG util.py:537:  ghc-srpm-macros-1.4.2-7.el8.noarch
DEBUG util.py:537:  perl-Devel-PPPort-3.36-5.el8.x86_64
DEBUG util.py:537:  publicsuffix-list-dafsa-20180723-1.el8.noarch
DEBUG util.py:537:  perl-Env-1.04-395.el8.noarch
DEBUG util.py:537:  ncurses-base-6.1-10.20180224.el8.noarch
DEBUG util.py:537:  perl-IPC-Cmd-1.02-1.el8.noarch
DEBUG util.py:537:  libselinux-2.9-11.el8_10.x86_64
DEBUG util.py:537:  perl-File-Fetch-0.56-2.el8.noarch
DEBUG util.py:537:  ncurses-libs-6.1-10.20180224.el8.x86_64
DEBUG util.py:537:  perl-IPC-System-Simple-1.25-17.el8.noarch
DEBUG util.py:537:  glibc-common-2.28-251.el8_10.40.x86_64
DEBUG util.py:537:  perl-Locale-Codes-3.57-1.el8.noarch
DEBUG util.py:537:  bash-4.4.20-6.el8_10.x86_64
DEBUG util.py:537:  perl-Module-Loaded-0.08-423.el8_10.noarch
DEBUG util.py:537:  zlib-1.2.11-25.el8.x86_64
DEBUG util.py:537:  perl-Sub-Exporter-0.987-15.el8.noarch
DEBUG util.py:537:  bzip2-libs-1.0.6-28.el8_10.x86_64
DEBUG util.py:537:  perl-Pod-Parser-1.63-396.el8.noarch
DEBUG util.py:537:  gmp-6.1.2-11.el8.x86_64
DEBUG util.py:537:  perl-Test-1.30-423.el8_10.noarch
DEBUG util.py:537:  libstdc++-8.5.0-28.el8_10.alma.1.x86_64
DEBUG util.py:537:  perl-Text-Glob-0.11-4.el8.noarch
DEBUG util.py:537:  libzstd-1.4.4-1.el8.x86_64
DEBUG util.py:537:  perl-Time-Piece-1.31-423.el8_10.x86_64
DEBUG util.py:537:  mpfr-3.1.6-1.el8.x86_64
DEBUG util.py:537:  perl-local-lib-2.000024-2.el8.noarch
DEBUG util.py:537:  sqlite-libs-3.26.0-21.el8_10.x86_64
DEBUG util.py:537:  perl-Thread-Queue-3.13-1.el8.noarch
DEBUG util.py:537:  popt-1.18-1.el8.x86_64
DEBUG util.py:537:  perl-File-HomeDir-1.002-4.el8.noarch
DEBUG util.py:537:  libcom_err-1.45.6-7.el8_10.x86_64
DEBUG util.py:537:  perl-MRO-Compat-0.13-4.el8.noarch
DEBUG util.py:537:  chkconfig-1.19.2-1.el8.x86_64
DEBUG util.py:537:  perl-Software-License-0.103013-2.el8.noarch
DEBUG util.py:537:  libffi-3.1-24.el8.x86_64
DEBUG util.py:537:  perl-PerlIO-via-QuotedPrint-0.08-395.el8.noarch
DEBUG util.py:537:  lua-libs-5.3.4-12.el8.x86_64
DEBUG util.py:537:  perl-CPAN-2.18-402.el8_10.noarch
DEBUG util.py:537:  libidn2-2.2.0-1.el8.x86_64
DEBUG util.py:537:  zlib-devel-1.2.11-25.el8.x86_64
DEBUG util.py:537:  file-libs-5.33-27.el8_10.x86_64
DEBUG util.py:537:  file-5.33-27.el8_10.x86_64
DEBUG util.py:537:  unzip-6.0-48.el8_10.x86_64
DEBUG util.py:537:  elfutils-default-yama-scope-0.190-2.el8.alma.1.noarch
DEBUG util.py:537:  expat-2.5.0-2.el8_10.x86_64
DEBUG util.py:537:  keyutils-libs-1.5.10-9.el8.x86_64
DEBUG util.py:537:  audit-libs-3.1.2-1.el8_10.1.x86_64
DEBUG util.py:537:  p11-kit-trust-0.23.22-2.el8.x86_64
DEBUG util.py:537:  pcre-8.42-6.el8.x86_64
DEBUG util.py:537:  xz-5.2.4-4.el8_6.x86_64
DEBUG util.py:537:  gdbm-1.18-2.el8.x86_64
DEBUG util.py:537:  zip-3.0-23.el8.x86_64
DEBUG util.py:537:  cpp-8.5.0-28.el8_10.alma.1.x86_64
DEBUG util.py:537:  libassuan-2.5.1-3.el8.x86_64
DEBUG util.py:537:  dwz-0.12-10.el8.x86_64
DEBUG util.py:537:  zstd-1.4.4-1.el8.x86_64
DEBUG util.py:537:  nettle-3.4.1-7.el8.x86_64
DEBUG util.py:537:  isl-0.16.1-6.el8.x86_64
DEBUG util.py:537:  bzip2-1.0.6-28.el8_10.x86_64
DEBUG util.py:537:  diffutils-3.6-6.el8.x86_64
DEBUG util.py:537:  brotli-1.0.6-4.el8_10.x86_64
DEBUG util.py:537:  libnghttp2-1.33.0-6.el8_10.3.x86_64
DEBUG util.py:537:  pkgconf-1.4.2-1.el8.x86_64
DEBUG util.py:537:  libsigsegv-2.11-5.el8.x86_64
DEBUG util.py:537:  libsmartcols-2.32.1-48.el8_10.x86_64
DEBUG util.py:537:  libverto-0.3.2-2.el8.x86_64
DEBUG util.py:537:  openssl-libs-1.1.1k-17.el8_6.x86_64
DEBUG util.py:537:  ca-certificates-2025.2.80_v9.0.304-80.2.el8_10.noarch
DEBUG util.py:537:  krb5-libs-1.18.2-34.el8_10.x86_64
DEBUG util.py:537:  libblkid-2.32.1-48.el8_10.x86_64
DEBUG util.py:537:  systemd-libs-239-82.el8_10.17.x86_64
DEBUG util.py:537:  platform-python-setuptools-39.2.0-9.el8_10.noarch
DEBUG util.py:537:  python3-libs-3.6.8-78.el8_10.alma.1.x86_64
DEBUG util.py:537:  gzip-1.9-13.el8_5.x86_64
DEBUG util.py:537:  cracklib-dicts-2.9.6-15.el8.x86_64
DEBUG util.py:537:  libutempter-1.1.6-14.el8.x86_64
DEBUG util.py:537:  ima-evm-utils-1.3.2-12.el8.x86_64
DEBUG util.py:537:  pam-1.3.1-40.el8_10.x86_64
DEBUG util.py:537:  glib2-2.56.4-170.el8_10.x86_64
DEBUG util.py:537:  libfdisk-2.32.1-48.el8_10.x86_64
DEBUG util.py:537:  openldap-2.4.46-21.el8_10.x86_64
DEBUG util.py:537:  libarchive-3.3.3-7.el8_10.x86_64
DEBUG util.py:537:  gnupg2-2.2.20-4.el8_10.x86_64
DEBUG util.py:537:  gc-7.6.4-3.el8.x86_64
DEBUG util.py:537:  libipt-1.6.1-8.el8.x86_64
DEBUG util.py:537:  libssh-0.9.6-16.el8_10.x86_64
DEBUG util.py:537:  curl-7.61.1-34.el8_10.13.x86_64
DEBUG util.py:537:  rpm-4.14.3-32.el8_10.x86_64
DEBUG util.py:537:  lua-srpm-macros-1-13.el8.noarch
DEBUG util.py:537:  gdb-headless-8.2-20.el8.x86_64
DEBUG util.py:537:  glibc-headers-2.28-251.el8_10.40.x86_64
DEBUG util.py:537:  libxcrypt-devel-4.1.1-6.el8.x86_64
DEBUG util.py:537:  gcc-plugin-annobin-8.5.0-28.el8_10.alma.1.x86_64
DEBUG util.py:537:  redhat-rpm-config-131-1.el8.alma.noarch
DEBUG util.py:537:  gcc-c++-8.5.0-28.el8_10.alma.1.x86_64
DEBUG util.py:537:  util-linux-2.32.1-48.el8_10.x86_64
DEBUG util.py:537:  make-4.2.1-11.el8.x86_64
DEBUG util.py:537:  systemtap-sdt-devel-4.9-3.el8.x86_64
DEBUG util.py:537:  groff-base-1.22.3-18.el8.x86_64
DEBUG util.py:537:  perl-Digest-MD5-2.55-396.el8.x86_64
DEBUG util.py:537:  perl-libnet-3.11-3.el8.noarch
DEBUG util.py:537:  perl-Pod-Escapes-1.07-395.el8.noarch
DEBUG util.py:537:  perl-Time-Local-1.280-1.el8.noarch
DEBUG util.py:537:  perl-IO-Socket-SSL-2.066-4.module_el8.6.0+2811+fe6c84b0.noarch
DEBUG util.py:537:  perl-Term-ANSIColor-4.06-396.el8.noarch
DEBUG util.py:537:  perl-File-Temp-0.230.600-1.el8.noarch
DEBUG util.py:537:  perl-Pod-Simple-3.35-395.el8.noarch
DEBUG util.py:537:  perl-Pod-Perldoc-3.28-396.el8.noarch
DEBUG util.py:537:  perl-Pod-Usage-1.69-395.el8.noarch
DEBUG util.py:537:  perl-Storable-3.11-3.el8.x86_64
DEBUG util.py:537:  perl-Errno-1.28-423.el8_10.x86_64
DEBUG util.py:537:  perl-Encode-2.97-3.el8.x86_64
DEBUG util.py:537:  perl-Exporter-5.72-396.el8.noarch
DEBUG util.py:537:  perl-Scalar-List-Utils-1.49-2.el8.x86_64
DEBUG util.py:537:  perl-macros-5.26.3-423.el8_10.x86_64
DEBUG util.py:537:  perl-Unicode-Normalize-1.25-396.el8.x86_64
DEBUG util.py:537:  perl-IO-1.38-423.el8_10.x86_64
DEBUG util.py:537:  perl-constant-1.33-396.el8.noarch
DEBUG util.py:537:  perl-threads-shared-1.58-2.el8.x86_64
DEBUG util.py:537:  perl-version-0.99.24-1.el8.x86_64
DEBUG util.py:537:  perl-CPAN-Meta-Requirements-2.140-396.el8.noarch
DEBUG util.py:537:  perl-ExtUtils-ParseXS-3.35-2.el8.noarch
DEBUG util.py:537:  perl-Module-CoreList-5.20181130-1.el8.noarch
DEBUG util.py:537:  perl-Compress-Raw-Zlib-2.081-1.el8.x86_64
DEBUG util.py:537:  perl-SelfLoader-1.23-423.el8_10.noarch
DEBUG util.py:537:  perl-Perl-OSType-1.010-396.el8.noarch
DEBUG util.py:537:  perl-encoding-2.22-3.el8.x86_64
DEBUG util.py:537:  perl-Compress-Raw-Bzip2-2.081-1.el8.x86_64
DEBUG util.py:537:  perl-IO-Zlib-1.10-423.el8_10.noarch
DEBUG util.py:537:  perl-Math-BigInt-1.9998.11-7.el8.noarch
DEBUG util.py:537:  perl-Math-BigRat-0.2614-1.el8.noarch
DEBUG util.py:537:  perl-CPAN-Meta-2.150010-396.el8.noarch
DEBUG util.py:537:  perl-ExtUtils-Command-7.34-1.el8.noarch
DEBUG util.py:537:  perl-ExtUtils-Install-2.14-4.el8.noarch
DEBUG util.py:537:  perl-ExtUtils-Embed-1.34-423.el8_10.noarch
DEBUG util.py:537:  perl-Locale-Maketext-Simple-0.21-423.el8_10.noarch
DEBUG util.py:537:  perl-Module-Load-Conditional-0.68-395.el8.noarch
DEBUG util.py:688:  Child return code was: 0
DEBUG util.py:200:  kill orphans in chroot /var/lib/mock/alma+epel-8-x86_64/root
DEBUG util.py:200:  kill orphans in chroot /var/lib/mock/alma+epel-8-x86_64-bootstrap/root/var/lib/mock/alma+epel-8-x86_64/root
DEBUG util.py:717:  child environment: None
DEBUG util.py:636:  Executing command: ['/bin/umount', '-n', '-l', '/var/lib/mock/alma+epel-8-x86_64-bootstrap/root/var/lib/mock/alma+epel-8-x86_64/root'] with env {'TERM': 'vt100', 'SHELL': '/bin/sh', 'HOME': '/builddir', 'HOSTNAME': 'mock', 'PATH': '/usr/bin:/bin:/usr/sbin:/sbin', 'LANG': 'C.UTF-8'} and shell False
DEBUG util.py:688:  Child return code was: 0
DEBUG util.py:717:  child environment: None
DEBUG util.py:636:  Executing command: ['/bin/umount', '-n', '-l', '/var/lib/mock/alma+epel-8-x86_64-bootstrap/root/var/lib/mock/alma+epel-8-x86_64/root'] with env {'TERM': 'vt100', 'SHELL': '/bin/sh', 'HOME': '/builddir', 'HOSTNAME': 'mock', 'PATH': '/usr/bin:/bin:/usr/sbin:/sbin', 'LANG': 'C.UTF-8'} and shell False
DEBUG util.py:688:  Child return code was: 0
DEBUG file_util.py:17:  ensuring that dir exists: /var/lib/mock/alma+epel-8-x86_64-bootstrap/root/var/lib/mock/alma+epel-8-x86_64/root
DEBUG util.py:717:  child environment: None
DEBUG util.py:636:  Executing command: ['/bin/mount', '-n', '-t', 'tmpfs', '-o', 'private,mode=0755', 'tmpfs', '/var/lib/mock/alma+epel-8-x86_64-bootstrap/root/var/lib/mock/alma+epel-8-x86_64/root'] with env {'TERM': 'vt100', 'SHELL': '/bin/sh', 'HOME': '/builddir', 'HOSTNAME': 'mock', 'PATH': '/usr/bin:/bin:/usr/sbin:/sbin', 'LANG': 'C.UTF-8'} and shell False
DEBUG util.py:688:  Child return code was: 0
DEBUG file_util.py:17:  ensuring that dir exists: /var/lib/mock/alma+epel-8-x86_64-bootstrap/root/var/lib/mock/alma+epel-8-x86_64/root
DEBUG util.py:717:  child environment: None
DEBUG util.py:636:  Executing command: ['/bin/mount', '-n', '-o', 'rbind', '/var/lib/mock/alma+epel-8-x86_64/root', '/var/lib/mock/alma+epel-8-x86_64-bootstrap/root/var/lib/mock/alma+epel-8-x86_64/root'] with env {'TERM': 'vt100', 'SHELL': '/bin/sh', 'HOME': '/builddir', 'HOSTNAME': 'mock', 'PATH': '/usr/bin:/bin:/usr/sbin:/sbin', 'LANG': 'C.UTF-8'} and shell False
DEBUG util.py:688:  Child return code was: 0
DEBUG util.py:717:  child environment: None
DEBUG util.py:636:  Executing command: ['/bin/mount', '-n', '-o', 'remount,private,rbind', '--target', '/var/lib/mock/alma+epel-8-x86_64-bootstrap/root/var/lib/mock/alma+epel-8-x86_64/root'] with env {'TERM': 'vt100', 'SHELL': '/bin/sh', 'HOME': '/builddir', 'HOSTNAME': 'mock', 'PATH': '/usr/bin:/bin:/usr/sbin:/sbin', 'LANG': 'C.UTF-8'} and shell False
DEBUG util.py:688:  Child return code was: 0
DEBUG util.py:717:  child environment: None
DEBUG util.py:631:  Using nspawn with args ['--capability=cap_ipc_lock', '--resolv-conf=off']
DEBUG util.py:636:  Executing command: ['/usr/bin/systemd-nspawn', '-q', '-M', '369521ea3161466bbe2cbbd919336c3a', '-D', '/var/lib/mock/alma+epel-8-x86_64-bootstrap/root', '-a', '--capability=cap_ipc_lock', '--resolv-conf=off', '--setenv=TERM=vt100', '--setenv=SHELL=/bin/bash', '--setenv=HOME=/builddir', '--setenv=HOSTNAME=mock', '--setenv=PATH=/usr/bin:/bin:/usr/sbin:/sbin', '--setenv=PROMPT_COMMAND=printf "\\033]0;<mock-chroot>\\007"', '--setenv=PS1=<mock-chroot> \\s-\\v\\$ ', '--setenv=LANG=C.UTF-8', '/bin/sh', '-c', "rpm -qa --root '/var/lib/mock/alma+epel-8-x86_64/root' --qf '%{nevra} %{buildtime} %{size} installed\\n'"] with env {'TERM': 'vt100', 'SHELL': '/bin/bash', 'HOME': '/builddir', 'HOSTNAME': 'mock', 'PATH': '/usr/bin:/bin:/usr/sbin:/sbin', 'PROMPT_COMMAND': 'printf "\\033]0;<mock-chroot>\\007"', 'PS1': '<mock-chroot> \\s-\\v\\$ ', 'LANG': 'C.UTF-8', 'SYSTEMD_NSPAWN_TMPFS_TMP': '0', 'SYSTEMD_SECCOMP': '0'} and shell False
DEBUG util.py:537:  perl-Pod-Html-0:1.22.02-423.el8_10.noarch 1753690379 36895 installed
DEBUG util.py:537:  gpg-pubkey-ced7258b-6525146f 1696928879 0 installed
DEBUG util.py:537:  perl-Data-OptList-0.110-6.el8.noarch 1570953483 49890 installed
DEBUG util.py:537:  libgcc-8.5.0-28.el8_10.alma.1.x86_64 1756209600 190232 installed
DEBUG util.py:537:  perl-libnetcfg-4:5.26.3-423.el8_10.noarch 1753690379 18236 installed
DEBUG util.py:537:  crypto-policies-20230731-1.git3177e06.el8.noarch 1697342317 73739 installed
DEBUG util.py:537:  perl-Encode-devel-4:2.97-3.el8.x86_64 1570956379 57286 installed
DEBUG util.py:537:  python3-setuptools-wheel-39.2.0-9.el8_10.noarch 1752570848 345327 installed
DEBUG util.py:537:  perl-Math-BigInt-FastCalc-0.500.600-6.el8.x86_64 1570965490 37419 installed
DEBUG util.py:537:  almalinux-release-8.10-1.el8.x86_64 1716389384 40011 installed
DEBUG util.py:537:  perl-Filter-Simple-0.94-2.el8.noarch 1570958771 52082 installed
DEBUG util.py:537:  filesystem-3.8-6.el8.x86_64 1633769510 0 installed
DEBUG util.py:537:  perl-Archive-Zip-1.60-3.el8.noarch 1573584106 260572 installed
DEBUG util.py:537:  python3-rpm-macros-3-45.el8.noarch 1684241739 3714 installed
DEBUG util.py:537:  perl-experimental-0.019-2.el8.noarch 1570974957 30591 installed
DEBUG util.py:537:  ansible-srpm-macros-1-12.el8.noarch 1707101462 36518 installed
DEBUG util.py:537:  perl-Text-Diff-1.45-2.el8.noarch 1570971609 85716 installed
DEBUG util.py:537:  qt5-srpm-macros-5.15.3-1.el8.noarch 1665240446 0 installed
DEBUG util.py:537:  perl-Attribute-Handlers-0:0.99-423.el8_10.noarch 1753690379 39302 installed
DEBUG util.py:537:  openblas-srpm-macros-2-2.el8.noarch 1571258850 104 installed
DEBUG util.py:537:  perl-Compress-Bzip2-2.26-6.el8.x86_64 1570952680 150314 installed
DEBUG util.py:537:  go-srpm-macros-2-17.el8.noarch 1617893120 7342 installed
DEBUG util.py:537:  perl-DB_File-1.842-1.el8.x86_64 1570953439 185181 installed
DEBUG util.py:537:  tzdata-2026c-1.el8_10.noarch 1786035184 1976397 installed
DEBUG util.py:537:  perl-Devel-Size-0.81-2.el8.x86_64 1570955269 42944 installed
DEBUG util.py:537:  pkgconf-m4-1.4.2-1.el8.noarch 1570949719 14187 installed
DEBUG util.py:537:  perl-ExtUtils-MM-Utils-1:7.34-1.el8.noarch 1570956965 3226 installed
DEBUG util.py:537:  pcre2-10.32-3.el8_6.x86_64 1659456464 656742 installed
DEBUG util.py:537:  perl-ExtUtils-CBuilder-1:0.280230-2.el8.noarch 1571259789 98493 installed
DEBUG util.py:537:  glibc-all-langpacks-2.28-251.el8_10.40.x86_64 1784646418 436464832 installed
DEBUG util.py:537:  perl-IPC-SysV-2.07-397.el8.x86_64 1570964081 76651 installed
DEBUG util.py:537:  glibc-gconv-extra-2.28-251.el8_10.40.x86_64 1784646418 6416038 installed
DEBUG util.py:537:  perl-autodie-2.29-396.el8.noarch 1570974702 215912 installed
DEBUG util.py:537:  glibc-2.28-251.el8_10.40.x86_64 1784646418 6880472 installed
DEBUG util.py:537:  perl-Memoize-0:1.03-423.el8_10.noarch 1753690379 83282 installed
DEBUG util.py:537:  libsepol-2.9-3.el8.x86_64 1633747466 761592 installed
DEBUG util.py:537:  perl-Package-Generator-1.106-11.el8.noarch 1570965992 31035 installed
DEBUG util.py:537:  info-6.5-7.el8.x86_64 1650301777 386466 installed
DEBUG util.py:537:  perl-Pod-Checker-4:1.73-395.el8.noarch 1570967196 50342 installed
DEBUG util.py:537:  xz-libs-5.2.4-4.el8_6.x86_64 1655211822 164967 installed
DEBUG util.py:537:  perl-Sys-Syslog-0.35-397.el8.x86_64 1570971179 97651 installed
DEBUG util.py:537:  libacl-2.4.0-1.el8_10.x86_64 1784718339 46112 installed
DEBUG util.py:537:  perl-Test-Simple-1:1.302135-1.el8.noarch 1570971193 1240970 installed
DEBUG util.py:537:  libxcrypt-4.1.1-6.el8.x86_64 1633752252 185860 installed
DEBUG util.py:537:  perl-Text-Template-1.51-1.el8.noarch 1570971863 113404 installed
DEBUG util.py:537:  elfutils-libelf-0.190-2.el8.alma.1.x86_64 1756126628 1024034 installed
DEBUG util.py:537:  perl-Unicode-Collate-1.25-2.el8.x86_64 1570974239 4906536 installed
DEBUG util.py:537:  readline-7.0-10.el8.x86_64 1570799624 466321 installed
DEBUG util.py:537:  perl-utils-0:5.26.3-423.el8_10.noarch 1753690379 127865 installed
DEBUG util.py:537:  libcap-2.48-6.el8_10.1.x86_64 1777926826 164965 installed
DEBUG util.py:537:  perl-File-Which-1.22-2.el8.noarch 1570958518 24717 installed
DEBUG util.py:537:  sed-4.5-5.el8_10.x86_64 1776194598 764966 installed
DEBUG util.py:537:  perl-Devel-Peek-0:1.26-423.el8_10.x86_64 1753690162 46191 installed
DEBUG util.py:537:  libuuid-2.32.1-48.el8_10.x86_64 1770236304 35104 installed
DEBUG util.py:537:  perl-Data-Section-0.200007-3.el8.noarch 1571066871 43062 installed
DEBUG util.py:537:  libunistring-0.9.9-3.el8.x86_64 1570877206 1855932 installed
DEBUG util.py:537:  perl-Module-Build-2:0.42.24-5.el8.noarch 1570964375 669576 installed
DEBUG util.py:537:  libgpg-error-1.31-1.el8.x86_64 1570882847 902818 installed
DEBUG util.py:537:  perl-perlfaq-5.20180605-1.el8.noarch 1570975873 742251 installed
DEBUG util.py:537:  p11-kit-0.23.22-2.el8.x86_64 1712412985 1650594 installed
DEBUG util.py:537:  perl-4:5.26.3-423.el8_10.x86_64 1753690162 0 installed
DEBUG util.py:537:  libmpc-1.1.0-9.1.el8.x86_64 1617859705 127085 installed
DEBUG util.py:537:  libattr-2.6.0-1.el8_10.x86_64 1787058562 25716 installed
DEBUG util.py:537:  libgcrypt-1.8.5-8.el8_10.x86_64 1785291379 1269750 installed
DEBUG util.py:537:  findutils-1:4.6.0-24.el8_10.x86_64 1766069842 1768980 installed
DEBUG util.py:537:  elfutils-libs-0.190-2.el8.alma.1.x86_64 1756126628 738263 installed
DEBUG util.py:537:  gdbm-libs-1:1.18-2.el8.x86_64 1665235333 118448 installed
DEBUG util.py:537:  libcap-ng-0.7.11-1.el8.x86_64 1633740976 51470 installed
DEBUG util.py:537:  libtasn1-4.13-6.el8_10.x86_64 1783523142 165309 installed
DEBUG util.py:537:  lz4-libs-1.8.3-5.el8_10.x86_64 1752571479 121151 installed
DEBUG util.py:537:  grep-3.1-6.el8.x86_64 1570806983 835205 installed
DEBUG util.py:537:  libsemanage-2.9-12.el8_10.x86_64 1748916414 312384 installed
DEBUG util.py:537:  elfutils-0.190-2.el8.alma.1.x86_64 1756126628 2932142 installed
DEBUG util.py:537:  patch-2.7.6-11.el8.x86_64 1591024468 277241 installed
DEBUG util.py:537:  libpsl-0.20.2-6.el8.x86_64 1597740996 70716 installed
DEBUG util.py:537:  libksba-1.3.5-9.el8_7.x86_64 1675786363 334047 installed
DEBUG util.py:537:  libstdc++-devel-8.5.0-28.el8_10.alma.1.x86_64 1756209600 11815138 installed
DEBUG util.py:537:  tar-2:1.30-11.el8_10.x86_64 1756198900 2876623 installed
DEBUG util.py:537:  gnutls-3.6.16-8.el8_10.6.x86_64 1779780336 3016295 installed
DEBUG util.py:537:  libxml2-2.9.7-21.el8_10.6.x86_64 1783523179 1757250 installed
DEBUG util.py:537:  coreutils-common-8.30-20.el8_10.x86_64 1785268214 9896370 installed
DEBUG util.py:537:  libgomp-8.5.0-28.el8_10.alma.1.x86_64 1756209600 331991 installed
DEBUG util.py:537:  cpio-2.12-11.el8.x86_64 1650302345 967857 installed
DEBUG util.py:537:  libpkgconf-1.4.2-1.el8.x86_64 1570949856 68093 installed
DEBUG util.py:537:  pkgconf-pkg-config-1.4.2-1.el8.x86_64 1570949856 3094 installed
DEBUG util.py:537:  gawk-4.2.1-4.el8.x86_64 1650297393 2700342 installed
DEBUG util.py:537:  libtool-ltdl-2.4.6-25.el8.x86_64 1570806649 71434 installed
DEBUG util.py:537:  ncurses-6.1-10.20180224.el8.x86_64 1697309698 589460 installed
DEBUG util.py:537:  coreutils-8.30-20.el8_10.x86_64 1785268214 6108152 installed
DEBUG util.py:537:  libdb-5.3.28-42.el8_4.x86_64 1632242311 1903352 installed
DEBUG util.py:537:  libtirpc-1.1.4-12.el8_10.x86_64 1719951959 228758 installed
DEBUG util.py:537:  libmount-2.32.1-48.el8_10.x86_64 1770236304 398282 installed
DEBUG util.py:537:  libnsl2-1.2.0-2.20180605git4a062cf.el8.x86_64 1571070958 147122 installed
DEBUG util.py:537:  platform-python-3.6.8-78.el8_10.alma.1.x86_64 1787067575 41222 installed
DEBUG util.py:537:  binutils-2.30-128.el8_10.x86_64 1766067698 24836755 installed
DEBUG util.py:537:  cracklib-2.9.6-15.el8.x86_64 1570841236 239047 installed
DEBUG util.py:537:  shadow-utils-2:4.6-23.el8_10.x86_64 1766065866 4072286 installed
DEBUG util.py:537:  tpm2-tss-2.3.2-6.el8.x86_64 1712406564 1209206 installed
DEBUG util.py:537:  libpwquality-1.4.4-6.el8.x86_64 1680373457 396846 installed
DEBUG util.py:537:  libusbx-1.0.30-1.el8_10.x86_64 1783522922 181119 installed
DEBUG util.py:537:  libbabeltrace-1.5.4-4.el8.x86_64 1665410259 546491 installed
DEBUG util.py:537:  cyrus-sasl-lib-2.1.27-6.el8_5.x86_64 1645647246 726138 installed
DEBUG util.py:537:  libdb-utils-5.3.28-42.el8_4.x86_64 1632242311 369615 installed
DEBUG util.py:537:  npth-1.5-4.el8.x86_64 1571000973 47909 installed
DEBUG util.py:537:  libatomic_ops-7.6.2-3.el8.x86_64 1570924675 76822 installed
DEBUG util.py:537:  guile-5:2.0.14-7.el8.x86_64 1570929621 12159798 installed
DEBUG util.py:537:  libssh-config-0.9.6-16.el8_10.noarch 1764014300 277 installed
DEBUG util.py:537:  libcurl-7.61.1-34.el8_10.13.x86_64 1787236433 601864 installed
DEBUG util.py:537:  rpm-libs-4.14.3-32.el8_10.x86_64 1734408670 743680 installed
DEBUG util.py:537:  efi-srpm-macros-3-3.el8.noarch 1617878303 39226 installed
DEBUG util.py:537:  rpm-build-libs-4.14.3-32.el8_10.x86_64 1734408670 216152 installed
DEBUG util.py:537:  kernel-headers-4.18.0-553.158.1.el8_10.x86_64 1787732211 5653931 installed
DEBUG util.py:537:  glibc-devel-2.28-251.el8_10.40.x86_64 1784646418 240562 installed
DEBUG util.py:537:  gcc-8.5.0-28.el8_10.alma.1.x86_64 1756209600 61717609 installed
DEBUG util.py:537:  annobin-11.13-2.el8.x86_64 1697050857 1005411 installed
DEBUG util.py:537:  rpm-build-4.14.3-32.el8_10.x86_64 1734408670 299106 installed
DEBUG util.py:537:  epel-rpm-macros-8-43.noarch 1746898529 31711 installed
DEBUG util.py:537:  which-2.21-21.el8_10.x86_64 1756198485 83404 installed
DEBUG util.py:537:  python3-pyparsing-2.1.10-7.el8.noarch 1573641407 532674 installed
DEBUG util.py:537:  openssl-1:1.1.1k-17.el8_6.x86_64 1783952062 1185640 installed
DEBUG util.py:537:  perl-Digest-1.17-395.el8.noarch 1570955296 26684 installed
DEBUG util.py:537:  perl-Data-Dumper-2.167-399.el8.x86_64 1570953565 106522 installed
DEBUG util.py:537:  perl-URI-1.73-3.el8.noarch 1573658335 216452 installed
DEBUG util.py:537:  perl-IO-Socket-IP-0.39-5.el8.noarch 1570961507 99525 installed
DEBUG util.py:537:  perl-Mozilla-CA-20160104-7.module_el8.5.0+2812+ed912d05.noarch 1650649450 5714 installed
DEBUG util.py:537:  perl-Net-SSLeay-1.88-2.module_el8.6.0+2811+fe6c84b0.x86_64 1650648167 1329463 installed
DEBUG util.py:537:  perl-Term-Cap-1.17-395.el8.noarch 1570969761 29850 installed
DEBUG util.py:537:  perl-HTTP-Tiny-0.074-3.el8.noarch 1712407881 149711 installed
DEBUG util.py:537:  perl-podlators-4.11-1.el8.noarch 1570975956 287639 installed
DEBUG util.py:537:  perl-Text-ParseWords-3.30-395.el8.noarch 1570971722 13101 installed
DEBUG util.py:537:  perl-MIME-Base64-3.15-396.el8.x86_64 1570964945 41435 installed
DEBUG util.py:537:  perl-Getopt-Long-1:2.50-4.el8.noarch 1570959003 139724 installed
DEBUG util.py:537:  perl-Socket-4:2.027-3.el8.x86_64 1574149783 124014 installed
DEBUG util.py:537:  perl-Carp-1.42-396.el8.noarch 1570950374 41850 installed
DEBUG util.py:537:  perl-libs-4:5.26.3-423.el8_10.x86_64 1753690162 6105206 installed
DEBUG util.py:537:  perl-parent-1:0.237-1.el8.noarch 1570975781 9187 installed
DEBUG util.py:537:  perl-Text-Tabs+Wrap-2013.0523-395.el8.noarch 1571071842 24825 installed
DEBUG util.py:537:  perl-File-Path-2.15-2.el8.noarch 1570958008 64920 installed
DEBUG util.py:537:  perl-PathTools-3.74-1.el8.x86_64 1570968071 182821 installed
DEBUG util.py:537:  perl-threads-1:2.21-2.el8.x86_64 1570980992 109155 installed
DEBUG util.py:537:  perl-interpreter-4:5.26.3-423.el8_10.x86_64 1753690162 14398532 installed
DEBUG util.py:537:  perl-Time-HiRes-4:1.9758-2.el8.x86_64 1619556196 116456 installed
DEBUG util.py:537:  perl-ExtUtils-Manifest-1.70-395.el8.noarch 1570957034 86252 installed
DEBUG util.py:537:  perl-Test-Harness-1:3.42-1.el8.noarch 1570970570 580658 installed
DEBUG util.py:537:  perl-Module-Metadata-1.000033-395.el8.noarch 1570964883 67700 installed
DEBUG util.py:537:  perl-Filter-2:1.58-2.el8.x86_64 1570958910 150694 installed
DEBUG util.py:537:  perl-Module-Load-1:0.32-395.el8.noarch 1570964751 14310 installed
DEBUG util.py:537:  perl-Text-Balanced-2.03-395.el8.noarch 1570971499 156781 installed
DEBUG util.py:537:  perl-Net-Ping-0:2.55-423.el8_10.noarch 1753690379 89607 installed
DEBUG util.py:537:  perl-IO-Compress-2.081-2.el8_10.noarch 1782703888 812406 installed
DEBUG util.py:537:  perl-Math-Complex-0:1.59-423.el8_10.noarch 1753690379 88208 installed
DEBUG util.py:537:  perl-JSON-PP-1:2.97.001-3.el8.noarch 1571055132 129656 installed
DEBUG util.py:537:  perl-CPAN-Meta-YAML-0.018-397.el8.noarch 1570951462 51719 installed
DEBUG util.py:537:  perl-Digest-SHA-1:6.02-1.el8.x86_64 1571054413 115681 installed
DEBUG util.py:537:  perl-devel-4:5.26.3-423.el8_10.x86_64 1753690162 3535582 installed
DEBUG util.py:537:  perl-ExtUtils-MakeMaker-1:7.34-1.el8.noarch 1570956965 734679 installed
DEBUG util.py:537:  perl-Locale-Maketext-1.28-396.el8.noarch 1570963415 174999 installed
DEBUG util.py:537:  perl-Params-Check-1:0.38-395.el8.noarch 1570966311 28458 installed
DEBUG util.py:537:  perl-Params-Util-1.07-22.el8.x86_64 1570967767 75049 installed
DEBUG util.py:537:  gpg-pubkey-3abb34f8-5ffd890e 1610451214 0 installed
DEBUG util.py:537:  perl-Sub-Install-0.928-14.el8.noarch 1570969125 35807 installed
DEBUG util.py:537:  gpg-pubkey-2f86d6a1-5cf7cefb 1559744251 0 installed
DEBUG util.py:537:  perl-ExtUtils-Miniperl-0:1.06-423.el8_10.noarch 1753690379 9878 installed
DEBUG util.py:537:  python-srpm-macros-3-45.el8.noarch 1684241739 6093 installed
DEBUG util.py:537:  perl-inc-latest-2:0.500-9.el8.noarch 1570975158 35852 installed
DEBUG util.py:537:  python-rpm-macros-3-45.el8.noarch 1684241739 4325 installed
DEBUG util.py:537:  perl-bignum-0.49-2.el8.noarch 1570974758 91430 installed
DEBUG util.py:537:  python3-pip-wheel-9.0.3-24.el8.noarch 1712410870 897991 installed
DEBUG util.py:537:  perl-open-0:1.11-423.el8_10.noarch 1753690379 11765 installed
DEBUG util.py:537:  setup-2.12.2-9.el8.noarch 1680380140 724747 installed
DEBUG util.py:537:  perl-Devel-SelfStubber-0:1.06-423.el8_10.noarch 1753690379 7845 installed
DEBUG util.py:537:  basesystem-11-5.el8.noarch 1570798431 0 installed
DEBUG util.py:537:  perl-Module-CoreList-tools-1:5.20181130-1.el8.noarch 1570964428 18981 installed
DEBUG util.py:537:  fpc-srpm-macros-1.3-1.el8.noarch 1591557879 144 installed
DEBUG util.py:537:  perl-Algorithm-Diff-1.1903-9.el8.noarch 1570950503 110531 installed
DEBUG util.py:537:  rust-srpm-macros-5-2.el8.noarch 1571041961 1131 installed
DEBUG util.py:537:  perl-Archive-Tar-2.30-3.el8_10.noarch 1785729249 157365 installed
DEBUG util.py:537:  perl-srpm-macros-1-25.el8.noarch 1570976318 794 installed
DEBUG util.py:537:  perl-B-Debug-1.26-2.el8.noarch 1570950850 42007 installed
DEBUG util.py:537:  ocaml-srpm-macros-5-4.el8.noarch 1571041863 737 installed
DEBUG util.py:537:  perl-Config-Perl-V-0.30-1.el8.noarch 1571000100 24320 installed
DEBUG util.py:537:  ghc-srpm-macros-1.4.2-7.el8.noarch 1571008156 414 installed
DEBUG util.py:537:  perl-Devel-PPPort-3.36-5.el8.x86_64 1570955173 399393 installed
DEBUG util.py:537:  publicsuffix-list-dafsa-20180723-1.el8.noarch 1573807861 64502 installed
DEBUG util.py:537:  perl-Env-1.04-395.el8.noarch 1570956430 26873 installed
DEBUG util.py:537:  ncurses-base-6.1-10.20180224.el8.noarch 1697309544 290089 installed
DEBUG util.py:537:  perl-IPC-Cmd-2:1.02-1.el8.noarch 1571000197 87152 installed
DEBUG util.py:537:  libselinux-2.9-11.el8_10.x86_64 1770733600 173176 installed
DEBUG util.py:537:  perl-File-Fetch-0.56-2.el8.noarch 1570957512 59879 installed
DEBUG util.py:537:  ncurses-libs-6.1-10.20180224.el8.x86_64 1697309698 955832 installed
DEBUG util.py:537:  perl-IPC-System-Simple-1.25-17.el8.noarch 1570962348 70458 installed
DEBUG util.py:537:  glibc-common-2.28-251.el8_10.40.x86_64 1784646418 7997172 installed
DEBUG util.py:537:  perl-Locale-Codes-3.57-1.el8.noarch 1570963309 2388500 installed
DEBUG util.py:537:  bash-4.4.20-6.el8_10.x86_64 1756198277 6865564 installed
DEBUG util.py:537:  perl-Module-Loaded-1:0.08-423.el8_10.noarch 1753690379 6015 installed
DEBUG util.py:537:  zlib-1.2.11-25.el8.x86_64 1697061746 199959 installed
DEBUG util.py:537:  perl-Sub-Exporter-0.987-15.el8.noarch 1570968873 142832 installed
DEBUG util.py:537:  bzip2-libs-1.0.6-28.el8_10.x86_64 1738028339 75061 installed
DEBUG util.py:537:  perl-Pod-Parser-1.63-396.el8.noarch 1570967576 269549 installed
DEBUG util.py:537:  gmp-1:6.1.2-11.el8.x86_64 1716472916 766316 installed
DEBUG util.py:537:  perl-Test-0:1.30-423.el8_10.noarch 1753690379 38806 installed
DEBUG util.py:537:  libstdc++-8.5.0-28.el8_10.alma.1.x86_64 1756209600 1935540 installed
DEBUG util.py:537:  perl-Text-Glob-0.11-4.el8.noarch 1570971665 8826 installed
DEBUG util.py:537:  libzstd-1.4.4-1.el8.x86_64 1597790682 698061 installed
DEBUG util.py:537:  perl-Time-Piece-0:1.31-423.el8_10.x86_64 1753690162 61666 installed
DEBUG util.py:537:  mpfr-3.1.6-1.el8.x86_64 1570879690 612625 installed
DEBUG util.py:537:  perl-local-lib-2.000024-2.el8.noarch 1570975501 120229 installed
DEBUG util.py:537:  sqlite-libs-3.26.0-21.el8_10.x86_64 1787576296 1166537 installed
DEBUG util.py:537:  perl-Thread-Queue-3.13-1.el8.noarch 1570972090 29787 installed
DEBUG util.py:537:  popt-1.18-1.el8.x86_64 1617942835 126618 installed
DEBUG util.py:537:  perl-File-HomeDir-1.002-4.el8.noarch 1570957759 120984 installed
DEBUG util.py:537:  libcom_err-1.45.6-7.el8_10.x86_64 1759821952 61393 installed
DEBUG util.py:537:  perl-MRO-Compat-0.13-4.el8.noarch 1570963860 25912 installed
DEBUG util.py:537:  chkconfig-1.19.2-1.el8.x86_64 1697323688 827758 installed
DEBUG util.py:537:  perl-Software-License-0.103013-2.el8.noarch 1570968581 461251 installed
DEBUG util.py:537:  libffi-3.1-24.el8.x86_64 1680332000 53844 installed
DEBUG util.py:537:  perl-PerlIO-via-QuotedPrint-0.08-395.el8.noarch 1570967101 6010 installed
DEBUG util.py:537:  lua-libs-5.3.4-12.el8.x86_64 1633756479 247888 installed
DEBUG util.py:537:  perl-CPAN-2.18-402.el8_10.noarch 1748961150 1859390 installed
DEBUG util.py:537:  libidn2-2.2.0-1.el8.x86_64 1573743877 253706 installed
DEBUG util.py:537:  zlib-devel-1.2.11-25.el8.x86_64 1697061746 141078 installed
DEBUG util.py:537:  file-libs-5.33-27.el8_10.x86_64 1759818650 6385855 installed
DEBUG util.py:537:  file-5.33-27.el8_10.x86_64 1759818650 93427 installed
DEBUG util.py:537:  unzip-6.0-48.el8_10.x86_64 1748916613 424061 installed
DEBUG util.py:537:  elfutils-default-yama-scope-0.190-2.el8.alma.1.noarch 1756126725 1810 installed
DEBUG util.py:537:  expat-2.5.0-2.el8_10.x86_64 1780486526 369520 installed
DEBUG util.py:537:  keyutils-libs-1.5.10-9.el8.x86_64 1633701057 43766 installed
DEBUG util.py:537:  audit-libs-3.1.2-1.el8_10.1.x86_64 1752572522 308530 installed
DEBUG util.py:537:  p11-kit-trust-0.23.22-2.el8.x86_64 1712412985 483265 installed
DEBUG util.py:537:  pcre-8.42-6.el8.x86_64 1633720673 509819 installed
DEBUG util.py:537:  xz-5.2.4-4.el8_6.x86_64 1655211822 424234 installed
DEBUG util.py:537:  gdbm-1:1.18-2.el8.x86_64 1665235333 389593 installed
DEBUG util.py:537:  zip-3.0-23.el8.x86_64 1570799464 842877 installed
DEBUG util.py:537:  cpp-8.5.0-28.el8_10.alma.1.x86_64 1756209600 29645334 installed
DEBUG util.py:537:  libassuan-2.5.1-3.el8.x86_64 1570877556 202763 installed
DEBUG util.py:537:  dwz-0.12-10.el8.x86_64 1633749969 230263 installed
DEBUG util.py:537:  zstd-1.4.4-1.el8.x86_64 1597790682 1538890 installed
DEBUG util.py:537:  nettle-3.4.1-7.el8.x86_64 1633731140 572241 installed
DEBUG util.py:537:  isl-0.16.1-6.el8.x86_64 1571012373 3270833 installed
DEBUG util.py:537:  bzip2-1.0.6-28.el8_10.x86_64 1738028339 92004 installed
DEBUG util.py:537:  diffutils-3.6-6.el8.x86_64 1588605339 1655492 installed
DEBUG util.py:537:  brotli-1.0.6-4.el8_10.x86_64 1770734804 1522164 installed
DEBUG util.py:537:  libnghttp2-1.33.0-6.el8_10.3.x86_64 1786993454 168244 installed
DEBUG util.py:537:  pkgconf-1.4.2-1.el8.x86_64 1570949856 63271 installed
DEBUG util.py:537:  libsigsegv-2.11-5.el8.x86_64 1570817728 47034 installed
DEBUG util.py:537:  libsmartcols-2.32.1-48.el8_10.x86_64 1770236304 248450 installed
DEBUG util.py:537:  libverto-0.3.2-2.el8.x86_64 1665215383 26797 installed
DEBUG util.py:537:  openssl-libs-1:1.1.1k-17.el8_6.x86_64 1783952062 3778586 installed
DEBUG util.py:537:  ca-certificates-2025.2.80_v9.0.304-80.2.el8_10.noarch 1761835024 2542496 installed
DEBUG util.py:537:  krb5-libs-1.18.2-34.el8_10.x86_64 1778654070 2242746 installed
DEBUG util.py:537:  libblkid-2.32.1-48.el8_10.x86_64 1770236304 343960 installed
DEBUG util.py:537:  systemd-libs-239-82.el8_10.17.x86_64 1781630262 4698518 installed
DEBUG util.py:537:  platform-python-setuptools-39.2.0-9.el8_10.noarch 1752570848 2916767 installed
DEBUG util.py:537:  python3-libs-3.6.8-78.el8_10.alma.1.x86_64 1787067575 32475673 installed
DEBUG util.py:537:  gzip-1.9-13.el8_5.x86_64 1651038570 352906 installed
DEBUG util.py:537:  cracklib-dicts-2.9.6-15.el8.x86_64 1570841236 9815016 installed
DEBUG util.py:537:  libutempter-1.1.6-14.el8.x86_64 1570840217 52637 installed
DEBUG util.py:537:  ima-evm-utils-1.3.2-12.el8.x86_64 1617896657 137650 installed
DEBUG util.py:537:  pam-1.3.1-40.el8_10.x86_64 1787058772 2654567 installed
DEBUG util.py:537:  glib2-2.56.4-170.el8_10.x86_64 1784572799 12288048 installed
DEBUG util.py:537:  libfdisk-2.32.1-48.el8_10.x86_64 1770236304 438882 installed
DEBUG util.py:537:  openldap-2.4.46-21.el8_10.x86_64 1741686291 1006691 installed
DEBUG util.py:537:  libarchive-3.3.3-7.el8_10.x86_64 1776367872 838287 installed
DEBUG util.py:537:  gnupg2-2.2.20-4.el8_10.x86_64 1768528180 9919099 installed
DEBUG util.py:537:  gc-7.6.4-3.el8.x86_64 1570929026 229024 installed
DEBUG util.py:537:  libipt-1.6.1-8.el8.x86_64 1576743441 166831 installed
DEBUG util.py:537:  libssh-0.9.6-16.el8_10.x86_64 1764014221 521919 installed
DEBUG util.py:537:  curl-7.61.1-34.el8_10.13.x86_64 1787236433 701120 installed
DEBUG util.py:537:  rpm-4.14.3-32.el8_10.x86_64 1734408670 2087838 installed
DEBUG util.py:537:  lua-srpm-macros-1-13.el8.noarch 1707738739 1367 installed
DEBUG util.py:537:  gdb-headless-8.2-20.el8.x86_64 1697051416 11909961 installed
DEBUG util.py:537:  glibc-headers-2.28-251.el8_10.40.x86_64 1784646418 2031720 installed
DEBUG util.py:537:  libxcrypt-devel-4.1.1-6.el8.x86_64 1633752252 24771 installed
DEBUG util.py:537:  gcc-plugin-annobin-8.5.0-28.el8_10.alma.1.x86_64 1756209600 49392 installed
DEBUG util.py:537:  redhat-rpm-config-131-1.el8.alma.noarch 1680773284 157410 installed
DEBUG util.py:537:  gcc-c++-8.5.0-28.el8_10.alma.1.x86_64 1756209600 32191691 installed
DEBUG util.py:537:  util-linux-2.32.1-48.el8_10.x86_64 1770236304 11576507 installed
DEBUG util.py:537:  make-1:4.2.1-11.el8.x86_64 1650299955 1436328 installed
DEBUG util.py:537:  systemtap-sdt-devel-4.9-3.el8.x86_64 1697288848 203028 installed
DEBUG util.py:537:  groff-base-1.22.3-18.el8.x86_64 1570976990 4274302 installed
DEBUG util.py:537:  perl-Digest-MD5-2.55-396.el8.x86_64 1570955939 56718 installed
DEBUG util.py:537:  perl-libnet-3.11-3.el8.noarch 1570999891 277134 installed
DEBUG util.py:537:  perl-Pod-Escapes-1:1.07-395.el8.noarch 1570967377 25763 installed
DEBUG util.py:537:  perl-Time-Local-1:1.280-1.el8.noarch 1570972329 59906 installed
DEBUG util.py:537:  perl-IO-Socket-SSL-2.066-4.module_el8.6.0+2811+fe6c84b0.noarch 1650651986 618704 installed
DEBUG util.py:537:  perl-Term-ANSIColor-4.06-396.el8.noarch 1570969691 89627 installed
DEBUG util.py:537:  perl-File-Temp-0.230.600-1.el8.noarch 1570958419 164723 installed
DEBUG util.py:537:  perl-Pod-Simple-1:3.35-395.el8.noarch 1570967776 543719 installed
DEBUG util.py:537:  perl-Pod-Perldoc-3.28-396.el8.noarch 1570967638 169228 installed
DEBUG util.py:537:  perl-Pod-Usage-4:1.69-395.el8.noarch 1570967839 49720 installed
DEBUG util.py:537:  perl-Storable-1:3.11-3.el8.x86_64 1570969971 221861 installed
DEBUG util.py:537:  perl-Errno-0:1.28-423.el8_10.x86_64 1753690162 9507 installed
DEBUG util.py:537:  perl-Encode-4:2.97-3.el8.x86_64 1570956379 10200695 installed
DEBUG util.py:537:  perl-Exporter-5.72-396.el8.noarch 1570956723 55718 installed
DEBUG util.py:537:  perl-Scalar-List-Utils-3:1.49-2.el8.x86_64 1570969561 124632 installed
DEBUG util.py:537:  perl-macros-4:5.26.3-423.el8_10.x86_64 1753690162 5184 installed
DEBUG util.py:537:  perl-Unicode-Normalize-1.25-396.el8.x86_64 1570974527 637517 installed
DEBUG util.py:537:  perl-IO-0:1.38-423.el8_10.x86_64 1753690162 139775 installed
DEBUG util.py:537:  perl-constant-1.33-396.el8.noarch 1570974903 27103 installed
DEBUG util.py:537:  perl-threads-shared-1.58-2.el8.x86_64 1570981103 78170 installed
DEBUG util.py:537:  perl-version-6:0.99.24-1.el8.x86_64 1570981195 127971 installed
DEBUG util.py:537:  perl-CPAN-Meta-Requirements-2.140-396.el8.noarch 1570951390 70659 installed
DEBUG util.py:537:  perl-ExtUtils-ParseXS-1:3.35-2.el8.noarch 1570957118 185701 installed
DEBUG util.py:537:  perl-Module-CoreList-1:5.20181130-1.el8.noarch 1570964428 867850 installed
DEBUG util.py:537:  perl-Compress-Raw-Zlib-2.081-1.el8.x86_64 1570952859 146917 installed
DEBUG util.py:537:  perl-SelfLoader-0:1.23-423.el8_10.noarch 1753690379 23915 installed
DEBUG util.py:537:  perl-Perl-OSType-1.010-396.el8.noarch 1570966968 33833 installed
DEBUG util.py:537:  perl-encoding-4:2.22-3.el8.x86_64 1570956379 144893 installed
DEBUG util.py:537:  perl-Compress-Raw-Bzip2-2.081-1.el8.x86_64 1570952767 58623 installed
DEBUG util.py:537:  perl-IO-Zlib-1:1.10-423.el8_10.noarch 1753690379 19748 installed
DEBUG util.py:537:  perl-Math-BigInt-1:1.9998.11-7.el8.noarch 1574148383 695154 installed
DEBUG util.py:537:  perl-Math-BigRat-0.2614-1.el8.noarch 1570964245 105818 installed
DEBUG util.py:537:  perl-CPAN-Meta-2.150010-396.el8.noarch 1570951323 610138 installed
DEBUG util.py:537:  perl-ExtUtils-Command-1:7.34-1.el8.noarch 1570956965 10101 installed
DEBUG util.py:537:  perl-ExtUtils-Install-2.14-4.el8.noarch 1570956872 87726 installed
DEBUG util.py:537:  perl-ExtUtils-Embed-0:1.34-423.el8_10.noarch 1753690379 16876 installed
DEBUG util.py:537:  perl-Locale-Maketext-Simple-1:0.21-423.el8_10.noarch 1753690379 14015 installed
DEBUG util.py:537:  perl-Module-Load-Conditional-0.68-395.el8.noarch 1570964824 29291 installed
DEBUG util.py:688:  Child return code was: 0
DEBUG util.py:200:  kill orphans in chroot /var/lib/mock/alma+epel-8-x86_64/root
DEBUG util.py:200:  kill orphans in chroot /var/lib/mock/alma+epel-8-x86_64-bootstrap/root/var/lib/mock/alma+epel-8-x86_64/root
DEBUG util.py:717:  child environment: None
DEBUG util.py:636:  Executing command: ['/bin/umount', '-n', '-l', '/var/lib/mock/alma+epel-8-x86_64-bootstrap/root/var/lib/mock/alma+epel-8-x86_64/root'] with env {'TERM': 'vt100', 'SHELL': '/bin/sh', 'HOME': '/builddir', 'HOSTNAME': 'mock', 'PATH': '/usr/bin:/bin:/usr/sbin:/sbin', 'LANG': 'C.UTF-8'} and shell False
DEBUG util.py:688:  Child return code was: 0
DEBUG util.py:717:  child environment: None
DEBUG util.py:636:  Executing command: ['/bin/umount', '-n', '-l', '/var/lib/mock/alma+epel-8-x86_64-bootstrap/root/var/lib/mock/alma+epel-8-x86_64/root'] with env {'TERM': 'vt100', 'SHELL': '/bin/sh', 'HOME': '/builddir', 'HOSTNAME': 'mock', 'PATH': '/usr/bin:/bin:/usr/sbin:/sbin', 'LANG': 'C.UTF-8'} and shell False
DEBUG util.py:688:  Child return code was: 0
DEBUG util.py:717:  child environment: None
DEBUG backend.py:763:  Copying packages to result dir
DEBUG util.py:200:  kill orphans in chroot /var/lib/mock/alma+epel-8-x86_64/root
DEBUG util.py:717:  child environment: None
DEBUG util.py:636:  Executing command: ['/bin/umount', '-n', '/var/lib/mock/alma+epel-8-x86_64/root/root/mock-localrepo'] with env {'TERM': 'vt100', 'SHELL': '/bin/sh', 'HOME': '/builddir', 'HOSTNAME': 'mock', 'PATH': '/usr/bin:/bin:/usr/sbin:/sbin', 'LANG': 'C.UTF-8'} and shell False
DEBUG util.py:688:  Child return code was: 0
DEBUG util.py:717:  child environment: None
DEBUG util.py:636:  Executing command: ['/bin/umount', '-n', '/var/lib/mock/alma+epel-8-x86_64/root/var/cache/dnf'] with env {'TERM': 'vt100', 'SHELL': '/bin/sh', 'HOME': '/builddir', 'HOSTNAME': 'mock', 'PATH': '/usr/bin:/bin:/usr/sbin:/sbin', 'LANG': 'C.UTF-8'} and shell False
DEBUG util.py:688:  Child return code was: 0
DEBUG util.py:717:  child environment: None
DEBUG util.py:636:  Executing command: ['/bin/umount', '-n', '/var/lib/mock/alma+epel-8-x86_64/root/var/cache/yum'] with env {'TERM': 'vt100', 'SHELL': '/bin/sh', 'HOME': '/builddir', 'HOSTNAME': 'mock', 'PATH': '/usr/bin:/bin:/usr/sbin:/sbin', 'LANG': 'C.UTF-8'} and shell False
DEBUG util.py:688:  Child return code was: 0
DEBUG util.py:200:  kill orphans in chroot /var/lib/mock/alma+epel-8-x86_64-bootstrap/root
DEBUG util.py:717:  child environment: None
DEBUG util.py:636:  Executing command: ['/bin/umount', '-n', '/var/lib/mock/alma+epel-8-x86_64-bootstrap/root/root/mock-localrepo'] with env {'TERM': 'vt100', 'SHELL': '/bin/sh', 'HOME': '/builddir', 'HOSTNAME': 'mock', 'PATH': '/usr/bin:/bin:/usr/sbin:/sbin', 'LANG': 'C.UTF-8'} and shell False
DEBUG util.py:688:  Child return code was: 0
DEBUG util.py:717:  child environment: None
DEBUG util.py:636:  Executing command: ['/bin/umount', '-n', '/var/lib/mock/alma+epel-8-x86_64-bootstrap/root/var/cache/dnf'] with env {'TERM': 'vt100', 'SHELL': '/bin/sh', 'HOME': '/builddir', 'HOSTNAME': 'mock', 'PATH': '/usr/bin:/bin:/usr/sbin:/sbin', 'LANG': 'C.UTF-8'} and shell False
DEBUG util.py:688:  Child return code was: 0
DEBUG util.py:717:  child environment: None
DEBUG util.py:636:  Executing command: ['/bin/umount', '-n', '/var/lib/mock/alma+epel-8-x86_64-bootstrap/root/var/cache/yum'] with env {'TERM': 'vt100', 'SHELL': '/bin/sh', 'HOME': '/builddir', 'HOSTNAME': 'mock', 'PATH': '/usr/bin:/bin:/usr/sbin:/sbin', 'LANG': 'C.UTF-8'} and shell False
DEBUG util.py:688:  Child return code was: 0
